"","Date","Precip mm","24-hr Snowfall cm","24-hr Snowfall SWE mm","24-hr Snowfall SLR","Snowpack Depth cm","Snowpack SWE mm","Snowpack Density","datetime","Stream","Station","snowpack_cm","water_year"
"1","11/15/2022  ","0","0","NA","NA",0,"NA","NA",2022-11-15,"Wade","CoCoRaHS VT-FR-30",0,2023
"2","11/16/2022  ","1.8","2.5","1.8","14.3 : 1",2.5,"1.8","7%",2022-11-16,"Wade","CoCoRaHS VT-FR-30",2.5,2023
"3","11/17/2022  ","8.9","6.4","8.9","7.1 : 1",15.2,"NA","NA",2022-11-17,"Wade","CoCoRaHS VT-FR-30",15.2,2023
"4","11/18/2022  ","1.8","5.1","1.8","28.6 : 1",14,"NA","NA",2022-11-18,"Wade","CoCoRaHS VT-FR-30",14,2023
"5","11/19/2022  ","2.5","4.6","2.5","18 : 1",12.7,"NA","NA",2022-11-19,"Wade","CoCoRaHS VT-FR-30",12.7,2023
"6","11/21/2022  ","0","0","NA","NA",12.7,"NA","NA",2022-11-21,"Wade","CoCoRaHS VT-FR-30",12.7,2023
"7","11/22/2022  ","0","0","NA","NA",11.4,"NA","NA",2022-11-22,"Wade","CoCoRaHS VT-FR-30",11.4,2023
"8","11/23/2022  ","0","0","NA","NA",8.9,"NA","NA",2022-11-23,"Wade","CoCoRaHS VT-FR-30",8.9,2023
"9","11/24/2022  ","0","0","0","NA",8.9,"NA","NA",2022-11-24,"Wade","CoCoRaHS VT-FR-30",8.9,2023
"10","11/25/2022  ","0","0","NA","NA",5.1,"NA","NA",2022-11-25,"Wade","CoCoRaHS VT-FR-30",5.1,2023
"11","11/26/2022  ","0","0","NA","NA",0,"0","NA",2022-11-26,"Wade","CoCoRaHS VT-FR-30",0,2023
"12","11/27/2022  ","0","0","NA","NA",0,"NA","NA",2022-11-27,"Wade","CoCoRaHS VT-FR-30",0,2023
"13","11/29/2022  ","0","0","NA","NA",0,"NA","NA",2022-11-29,"Wade","CoCoRaHS VT-FR-30",0,2023
"14","12/02/2022  ","1.5","1.3","1.5","8.3 : 1",2.5,"NA","NA",2022-12-02,"Wade","CoCoRaHS VT-FR-30",2.5,2023
"15","12/03/2022  ","0","0","NA","NA",0,"NA","NA",2022-12-03,"Wade","CoCoRaHS VT-FR-30",0,2023
"16","12/04/2022  ","0","0","NA","NA",0,"NA","NA",2022-12-04,"Wade","CoCoRaHS VT-FR-30",0,2023
"17","12/06/2022  ","0","0","NA","NA",0,"NA","NA",2022-12-06,"Wade","CoCoRaHS VT-FR-30",0,2023
"18","12/12/2022  ","1.3","1.8","1.3","14 : 1",2.5,"NA","NA",2022-12-12,"Wade","CoCoRaHS VT-FR-30",2.5,2023
"19","12/13/2022  ","0","0","NA","NA",1.3,"NA","NA",2022-12-13,"Wade","CoCoRaHS VT-FR-30",1.3,2023
"20","12/14/2022  ","1.3","1.8","1.3","14 : 1",0,"NA","NA",2022-12-14,"Wade","CoCoRaHS VT-FR-30",0,2023
"21","12/15/2022  ","2.5","3.6","2.5","14 : 1",0,"NA","NA",2022-12-15,"Wade","CoCoRaHS VT-FR-30",0,2023
"22","12/17/2022  ","12.7","27.9","12.7","22 : 1",30.5,"NA","NA",2022-12-17,"Wade","CoCoRaHS VT-FR-30",30.5,2023
"23","12/18/2022  ","8.1","12.7","8.1","15.6 : 1",35.6,"NA","NA",2022-12-18,"Wade","CoCoRaHS VT-FR-30",35.6,2023
"24","12/19/2022  ","0","0","0","NA",27.9,"NA","NA",2022-12-19,"Wade","CoCoRaHS VT-FR-30",27.9,2023
"25","12/20/2022  ","6.6","7.6","6.6","11.5 : 1",33,"NA","NA",2022-12-20,"Wade","CoCoRaHS VT-FR-30",33,2023
"26","12/21/2022  ","0","0","NA","NA",33,"NA","NA",2022-12-21,"Wade","CoCoRaHS VT-FR-30",33,2023
"27","12/24/2022  ","11.9","15.2","11.9","12.8 : 1",20.3,"NA","NA",2022-12-24,"Wade","CoCoRaHS VT-FR-30",20.3,2023
"28","12/28/2022  ","5.3","5.1","5.3","9.5 : 1",17.8,"NA","NA",2022-12-28,"Wade","CoCoRaHS VT-FR-30",17.8,2023
"29","01/04/2023  ","0","0","0","NA",0,"NA","NA",2023-01-04,"Wade","CoCoRaHS VT-FR-30",0,2023
"30","01/09/2023  ","0","0","0","NA",5.1,"NA","NA",2023-01-09,"Wade","CoCoRaHS VT-FR-30",5.1,2023
"31","01/14/2023  ","9.4","5.1","9.4","5.4 : 1",12.7,"NA","NA",2023-01-14,"Wade","CoCoRaHS VT-FR-30",12.7,2023
"32","01/15/2023  ","0","0","NA","NA",12.7,"NA","NA",2023-01-15,"Wade","CoCoRaHS VT-FR-30",12.7,2023
"33","01/16/2023  ","0","0","NA","NA",12.7,"NA","NA",2023-01-16,"Wade","CoCoRaHS VT-FR-30",12.7,2023
"34","01/17/2023  ","0","0","NA","NA",12.7,"NA","NA",2023-01-17,"Wade","CoCoRaHS VT-FR-30",12.7,2023
"35","01/18/2023  ","0","0","NA","NA",12.7,"NA","NA",2023-01-18,"Wade","CoCoRaHS VT-FR-30",12.7,2023
"36","01/19/2023  ","0","0","NA","NA",10.2,"NA","NA",2023-01-19,"Wade","CoCoRaHS VT-FR-30",10.2,2023
"37","01/20/2023  ","5.8","7.6","5.8","13 : 1",22.9,"NA","NA",2023-01-20,"Wade","CoCoRaHS VT-FR-30",22.9,2023
"38","01/22/2023  ","0","0","NA","NA",22.9,"NA","NA",2023-01-22,"Wade","CoCoRaHS VT-FR-30",22.9,2023
"39","01/26/2023  ","17.8","15.2","17.8","8.6 : 1",35.6,"NA","NA",2023-01-26,"Wade","CoCoRaHS VT-FR-30",35.6,2023
"40","01/27/2023  ","29.2","30.5","NA","NA",48.3,"NA","NA",2023-01-27,"Wade","CoCoRaHS VT-FR-30",48.3,2023
"41","01/28/2023  ","0","0","NA","NA",48.3,"NA","NA",2023-01-28,"Wade","CoCoRaHS VT-FR-30",48.3,2023
"42","01/29/2023  ","0","0","NA","NA",48.3,"NA","NA",2023-01-29,"Wade","CoCoRaHS VT-FR-30",48.3,2023
"43","01/30/2023  ","3","3.8","3","12.5 : 1",38.1,"NA","NA",2023-01-30,"Wade","CoCoRaHS VT-FR-30",38.1,2023
"44","01/31/2023  ","2.5","7.6","2.5","30 : 1",31.8,"NA","NA",2023-01-31,"Wade","CoCoRaHS VT-FR-30",31.8,2023
"45","02/01/2023  ","0","0","NA","NA",44.4,"NA","NA",2023-02-01,"Wade","CoCoRaHS VT-FR-30",44.4,2023
"46","02/02/2023  ","0","0","NA","NA",43.2,"NA","NA",2023-02-02,"Wade","CoCoRaHS VT-FR-30",43.2,2023
"47","02/04/2023  ","0","0","NA","NA",43.2,"NA","NA",2023-02-04,"Wade","CoCoRaHS VT-FR-30",43.2,2023
"48","02/05/2023  ","0","0","NA","NA",43.2,"NA","NA",2023-02-05,"Wade","CoCoRaHS VT-FR-30",43.2,2023
"49","02/06/2023  ","0","0","NA","NA",38.1,"NA","NA",2023-02-06,"Wade","CoCoRaHS VT-FR-30",38.1,2023
"50","02/08/2023  ","0","0","NA","NA",35.6,"NA","NA",2023-02-08,"Wade","CoCoRaHS VT-FR-30",35.6,2023
"51","02/09/2023  ","0","0","NA","NA",35.6,"NA","NA",2023-02-09,"Wade","CoCoRaHS VT-FR-30",35.6,2023
"52","02/11/2023  ","8.1","11.4","8.1","14.1 : 1",31.8,"NA","NA",2023-02-11,"Wade","CoCoRaHS VT-FR-30",31.8,2023
"53","02/18/2023  ","2.5","17.8","NA","NA",0,"NA","NA",2023-02-18,"Wade","CoCoRaHS VT-FR-30",0,2023
"54","02/19/2023  ","0","0","NA","NA",16.5,"NA","NA",2023-02-19,"Wade","CoCoRaHS VT-FR-30",16.5,2023
"55","02/21/2023  ","0","0","NA","NA",12.7,"NA","NA",2023-02-21,"Wade","CoCoRaHS VT-FR-30",12.7,2023
"56","02/22/2023  ","T","T","T","NA",12.7,"NA","NA",2023-02-22,"Wade","CoCoRaHS VT-FR-30",12.7,2023
"57","02/23/2023  ","4.1","3.8","4.1","9.4 : 1",17.8,"NA","NA",2023-02-23,"Wade","CoCoRaHS VT-FR-30",17.8,2023
"58","02/24/2023  ","3.8","5.1","3.8","13.3 : 1",25.4,"NA","NA",2023-02-24,"Wade","CoCoRaHS VT-FR-30",25.4,2023
"59","02/25/2023  ","T","T","T","NA",25.4,"NA","NA",2023-02-25,"Wade","CoCoRaHS VT-FR-30",25.4,2023
"60","02/26/2023  ","T","T","T","NA",25.4,"NA","NA",2023-02-26,"Wade","CoCoRaHS VT-FR-30",25.4,2023
"61","02/27/2023  ","5.1","12.7","5.1","25 : 1",36.8,"NA","NA",2023-02-27,"Wade","CoCoRaHS VT-FR-30",36.8,2023
"62","02/28/2023  ","T","T","T","NA",36.8,"NA","NA",2023-02-28,"Wade","CoCoRaHS VT-FR-30",36.8,2023
"63","03/01/2023  ","5.1","6.4","5.1","12.5 : 1",39.4,"NA","NA",2023-03-01,"Wade","CoCoRaHS VT-FR-30",39.4,2023
"64","03/02/2023  ","0","0","0","NA",34.3,"NA","NA",2023-03-02,"Wade","CoCoRaHS VT-FR-30",34.3,2023
"65","03/03/2023  ","6.4","7.6","6.4","12 : 1",38.1,"NA","NA",2023-03-03,"Wade","CoCoRaHS VT-FR-30",38.1,2023
"66","03/04/2023  ","11.4","12.7","11.4","11.1 : 1",49.5,"NA","NA",2023-03-04,"Wade","CoCoRaHS VT-FR-30",49.5,2023
"67","03/05/2023  ","6.4","7.6","6.4","12 : 1",54.6,"NA","NA",2023-03-05,"Wade","CoCoRaHS VT-FR-30",54.6,2023
"68","03/06/2023  ","0","0","0","NA",53.3,"NA","NA",2023-03-06,"Wade","CoCoRaHS VT-FR-30",53.3,2023
"69","03/07/2023  ","T","T","T","NA",53.3,"NA","NA",2023-03-07,"Wade","CoCoRaHS VT-FR-30",53.3,2023
"70","03/08/2023  ","2","3.8","2","18.8 : 1",54.6,"NA","NA",2023-03-08,"Wade","CoCoRaHS VT-FR-30",54.6,2023
"71","03/14/2023  ","6.1","6.4","6.1","10.4 : 1",44.4,"NA","NA",2023-03-14,"Wade","CoCoRaHS VT-FR-30",44.4,2023
"72","03/15/2023  ","17.3","15.2","17.3","8.8 : 1",57.2,"NA","NA",2023-03-15,"Wade","CoCoRaHS VT-FR-30",57.2,2023
"73","03/16/2023  ","8.4","10.2","8.4","12.1 : 1",61,"NA","NA",2023-03-16,"Wade","CoCoRaHS VT-FR-30",61,2023
"74","03/18/2023  ","T","0","0","NA",38.1,"NA","NA",2023-03-18,"Wade","CoCoRaHS VT-FR-30",38.1,2023
"75","03/19/2023  ","3","7.6","3","25 : 1",45.7,"NA","NA",2023-03-19,"Wade","CoCoRaHS VT-FR-30",45.7,2023
"76","03/22/2023  ","0","0","0","NA",38.1,"NA","NA",2023-03-22,"Wade","CoCoRaHS VT-FR-30",38.1,2023
"77","03/23/2023  ","T","0","0","NA",33,"NA","NA",2023-03-23,"Wade","CoCoRaHS VT-FR-30",33,2023
"78","03/25/2023  ","0","0","0","NA",27.9,"NA","NA",2023-03-25,"Wade","CoCoRaHS VT-FR-30",27.9,2023
"79","03/30/2023  ","3.3","3.8","3.3","11.5 : 1",29.2,"NA","NA",2023-03-30,"Wade","CoCoRaHS VT-FR-30",29.2,2023
"80","03/31/2023  ","0","0","0","NA",29.2,"NA","NA",2023-03-31,"Wade","CoCoRaHS VT-FR-30",29.2,2023
"81","04/01/2023  ","T","T","T","NA",27.9,"NA","NA",2023-04-01,"Wade","CoCoRaHS VT-FR-30",27.9,2023
"82","04/02/2023  ","0","0","0","NA",17.8,"NA","NA",2023-04-02,"Wade","CoCoRaHS VT-FR-30",17.8,2023
"83","04/03/2023  ","0","0","NA","NA",15.2,"NA","NA",2023-04-03,"Wade","CoCoRaHS VT-FR-30",15.2,2023
"84","04/04/2023  ","0","0","NA","NA",15.2,"NA","NA",2023-04-04,"Wade","CoCoRaHS VT-FR-30",15.2,2023
"85","04/05/2023  ","0","0","NA","NA",11.4,"NA","NA",2023-04-05,"Wade","CoCoRaHS VT-FR-30",11.4,2023
"86","04/07/2023  ","0","0","NA","NA",7.6,"NA","NA",2023-04-07,"Wade","CoCoRaHS VT-FR-30",7.6,2023
"87","04/14/2023  ","0","0","NA","NA",0,"NA","NA",2023-04-14,"Wade","CoCoRaHS VT-FR-30",0,2023
"88","04/15/2023  ","0","0","NA","NA",0,"NA","NA",2023-04-15,"Wade","CoCoRaHS VT-FR-30",0,2023
"89","04/17/2023  ","0","0","NA","NA",0,"NA","NA",2023-04-17,"Wade","CoCoRaHS VT-FR-30",0,2023
"90","04/18/2023  ","22.9","NA","NA","NA",0,"NA","NA",2023-04-18,"Wade","CoCoRaHS VT-FR-30",0,2023
"91","04/19/2023  ","0.5","T","NA","NA",0,"NA","NA",2023-04-19,"Wade","CoCoRaHS VT-FR-30",0,2023
"92","04/20/2023  ","2.8","T","NA","NA",0,"NA","NA",2023-04-20,"Wade","CoCoRaHS VT-FR-30",0,2023
"93","04/21/2023  ","0","0","NA","NA",0,"NA","NA",2023-04-21,"Wade","CoCoRaHS VT-FR-30",0,2023
"94","04/22/2023  ","0","0","NA","NA",0,"NA","NA",2023-04-22,"Wade","CoCoRaHS VT-FR-30",0,2023
"95","04/23/2023  ","2.5","NA","NA","NA",0,"NA","NA",2023-04-23,"Wade","CoCoRaHS VT-FR-30",0,2023
"96","04/24/2023  ","27.9","NA","NA","NA",0,"NA","NA",2023-04-24,"Wade","CoCoRaHS VT-FR-30",0,2023
"97","04/25/2023  ","10.4","NA","NA","NA",0,"NA","NA",2023-04-25,"Wade","CoCoRaHS VT-FR-30",0,2023
"98","04/26/2023  ","5.6","NA","NA","NA",0,"NA","NA",2023-04-26,"Wade","CoCoRaHS VT-FR-30",0,2023
"99","04/27/2023  ","10.7","NA","NA","NA",0,"NA","NA",2023-04-27,"Wade","CoCoRaHS VT-FR-30",0,2023
"100","04/28/2023  ","0.2","NA","NA","NA",0,"NA","NA",2023-04-28,"Wade","CoCoRaHS VT-FR-30",0,2023
"101","04/30/2023  ","1.5","0","NA","NA",0,"NA","NA",2023-04-30,"Wade","CoCoRaHS VT-FR-30",0,2023
"102","05/01/2023  ","4.8","NA","NA","NA",0,"NA","NA",2023-05-01,"Wade","CoCoRaHS VT-FR-30",0,2023
"103","05/02/2023  ","18.3","NA","NA","NA",0,"NA","NA",2023-05-02,"Wade","CoCoRaHS VT-FR-30",0,2023
"104","05/03/2023  ","6.9","NA","NA","NA",0,"NA","NA",2023-05-03,"Wade","CoCoRaHS VT-FR-30",0,2023
"105","05/04/2023  ","1.3","NA","NA","NA",0,"NA","NA",2023-05-04,"Wade","CoCoRaHS VT-FR-30",0,2023
"106","05/05/2023  ","0","0","NA","NA",0,"NA","NA",2023-05-05,"Wade","CoCoRaHS VT-FR-30",0,2023
"107","05/06/2023  ","0","0","NA","NA",0,"NA","NA",2023-05-06,"Wade","CoCoRaHS VT-FR-30",0,2023
"108","05/07/2023  ","0","0","NA","NA",0,"NA","NA",2023-05-07,"Wade","CoCoRaHS VT-FR-30",0,2023
"109","05/08/2023  ","0","0","NA","NA",0,"NA","NA",2023-05-08,"Wade","CoCoRaHS VT-FR-30",0,2023
"110","05/09/2023  ","0","0","NA","NA",0,"NA","NA",2023-05-09,"Wade","CoCoRaHS VT-FR-30",0,2023
"111","05/11/2023  ","0","0","NA","NA",0,"NA","NA",2023-05-11,"Wade","CoCoRaHS VT-FR-30",0,2023
"112","05/13/2023  ","0","0","NA","NA",0,"NA","NA",2023-05-13,"Wade","CoCoRaHS VT-FR-30",0,2023
"113","05/17/2023  ","1.3","NA","NA","NA",0,"NA","NA",2023-05-17,"Wade","CoCoRaHS VT-FR-30",0,2023
"114","05/18/2023  ","0","0","NA","NA",0,"NA","NA",2023-05-18,"Wade","CoCoRaHS VT-FR-30",0,2023
"115","05/20/2023  ","2.5","NA","NA","NA",0,"NA","NA",2023-05-20,"Wade","CoCoRaHS VT-FR-30",0,2023
"116","05/21/2023  ","6.4","NA","NA","NA",0,"NA","NA",2023-05-21,"Wade","CoCoRaHS VT-FR-30",0,2023
"117","05/25/2023  ","6.4","NA","NA","NA",0,"NA","NA",2023-05-25,"Wade","CoCoRaHS VT-FR-30",0,2023
"118","06/01/2023  ","0","0","NA","NA",0,"NA","NA",2023-06-01,"Wade","CoCoRaHS VT-FR-30",0,2023
"119","06/03/2023  ","5.1","NA","NA","NA",0,"NA","NA",2023-06-03,"Wade","CoCoRaHS VT-FR-30",0,2023
"120","06/04/2023  ","0","0","NA","NA",0,"NA","NA",2023-06-04,"Wade","CoCoRaHS VT-FR-30",0,2023
"121","06/06/2023  ","0","0","NA","NA",0,"NA","NA",2023-06-06,"Wade","CoCoRaHS VT-FR-30",0,2023
"122","06/07/2023  ","8.1","NA","NA","NA",0,"NA","NA",2023-06-07,"Wade","CoCoRaHS VT-FR-30",0,2023
"123","06/09/2023  ","6.9","NA","NA","NA",0,"NA","NA",2023-06-09,"Wade","CoCoRaHS VT-FR-30",0,2023
"124","06/10/2023  ","8.6","NA","NA","NA",0,"NA","NA",2023-06-10,"Wade","CoCoRaHS VT-FR-30",0,2023
"125","06/11/2023  ","1.5","NA","NA","NA",0,"NA","NA",2023-06-11,"Wade","CoCoRaHS VT-FR-30",0,2023
"126","06/12/2023  ","0.5","NA","NA","NA",0,"NA","NA",2023-06-12,"Wade","CoCoRaHS VT-FR-30",0,2023
"127","06/13/2023  ","2","NA","NA","NA",0,"NA","NA",2023-06-13,"Wade","CoCoRaHS VT-FR-30",0,2023
"128","06/14/2023  ","14.5","NA","NA","NA",0,"NA","NA",2023-06-14,"Wade","CoCoRaHS VT-FR-30",0,2023
"129","06/15/2023  ","13.2","NA","NA","NA",0,"NA","NA",2023-06-15,"Wade","CoCoRaHS VT-FR-30",0,2023
"130","06/16/2023  ","3","NA","NA","NA",0,"NA","NA",2023-06-16,"Wade","CoCoRaHS VT-FR-30",0,2023
"131","06/17/2023  ","2.5","NA","NA","NA",0,"NA","NA",2023-06-17,"Wade","CoCoRaHS VT-FR-30",0,2023
"132","06/18/2023  ","33.5","NA","NA","NA",0,"NA","NA",2023-06-18,"Wade","CoCoRaHS VT-FR-30",0,2023
"133","06/19/2023  ","0","0","NA","NA",0,"NA","NA",2023-06-19,"Wade","CoCoRaHS VT-FR-30",0,2023
"134","06/20/2023  ","0","0","NA","NA",0,"NA","NA",2023-06-20,"Wade","CoCoRaHS VT-FR-30",0,2023
"135","06/21/2023  ","0","0","NA","NA",0,"NA","NA",2023-06-21,"Wade","CoCoRaHS VT-FR-30",0,2023
"136","06/22/2023  ","0","0","NA","NA",0,"NA","NA",2023-06-22,"Wade","CoCoRaHS VT-FR-30",0,2023
"137","06/23/2023  ","0","0","NA","NA",0,"NA","NA",2023-06-23,"Wade","CoCoRaHS VT-FR-30",0,2023
"138","06/25/2023  ","20.8","NA","NA","NA",0,"NA","NA",2023-06-25,"Wade","CoCoRaHS VT-FR-30",0,2023
"139","06/26/2023  ","1","NA","NA","NA",0,"NA","NA",2023-06-26,"Wade","CoCoRaHS VT-FR-30",0,2023
"140","06/27/2023  ","2.5","NA","NA","NA",0,"NA","NA",2023-06-27,"Wade","CoCoRaHS VT-FR-30",0,2023
"141","06/28/2023  ","3.3","NA","NA","NA",0,"NA","NA",2023-06-28,"Wade","CoCoRaHS VT-FR-30",0,2023
"142","06/29/2023  ","1.5","NA","NA","NA",0,"NA","NA",2023-06-29,"Wade","CoCoRaHS VT-FR-30",0,2023
"143","07/10/2023  ","63","NA","NA","NA",0,"NA","NA",2023-07-10,"Wade","CoCoRaHS VT-FR-30",0,2023
"144","07/11/2023  ","76.2","NA","NA","NA",0,"NA","NA",2023-07-11,"Wade","CoCoRaHS VT-FR-30",0,2023
"145","07/12/2023  ","2.5","NA","NA","NA",0,"NA","NA",2023-07-12,"Wade","CoCoRaHS VT-FR-30",0,2023
"146","07/13/2023  ","0.2","NA","NA","NA",0,"NA","NA",2023-07-13,"Wade","CoCoRaHS VT-FR-30",0,2023
"147","07/14/2023  ","5.1","NA","NA","NA",0,"NA","NA",2023-07-14,"Wade","CoCoRaHS VT-FR-30",0,2023
"148","07/15/2023  ","10.2","NA","NA","NA",0,"NA","NA",2023-07-15,"Wade","CoCoRaHS VT-FR-30",0,2023
"149","07/16/2023  ","0.8","NA","NA","NA",0,"NA","NA",2023-07-16,"Wade","CoCoRaHS VT-FR-30",0,2023
"150","07/17/2023  ","33.3","NA","NA","NA",0,"NA","NA",2023-07-17,"Wade","CoCoRaHS VT-FR-30",0,2023
"151","07/18/2023  ","0.8","NA","NA","NA",0,"NA","NA",2023-07-18,"Wade","CoCoRaHS VT-FR-30",0,2023
"152","07/19/2023  ","18","NA","NA","NA",0,"NA","NA",2023-07-19,"Wade","CoCoRaHS VT-FR-30",0,2023
"153","07/20/2023  ","0","0","NA","NA",0,"NA","NA",2023-07-20,"Wade","CoCoRaHS VT-FR-30",0,2023
"154","07/21/2023  ","2.5","NA","NA","NA",0,"NA","NA",2023-07-21,"Wade","CoCoRaHS VT-FR-30",0,2023
"155","07/22/2023  ","36.8","NA","NA","NA",0,"NA","NA",2023-07-22,"Wade","CoCoRaHS VT-FR-30",0,2023
"156","07/23/2023  ","1.3","NA","NA","NA",0,"NA","NA",2023-07-23,"Wade","CoCoRaHS VT-FR-30",0,2023
"157","07/24/2023  ","0","0","NA","NA",0,"NA","NA",2023-07-24,"Wade","CoCoRaHS VT-FR-30",0,2023
"158","07/25/2023  ","1.8","NA","NA","NA",0,"NA","NA",2023-07-25,"Wade","CoCoRaHS VT-FR-30",0,2023
"159","07/26/2023  ","23.6","NA","NA","NA",0,"NA","NA",2023-07-26,"Wade","CoCoRaHS VT-FR-30",0,2023
"160","07/27/2023  ","0.2","NA","NA","NA",0,"NA","NA",2023-07-27,"Wade","CoCoRaHS VT-FR-30",0,2023
"161","07/28/2023  ","33.5","NA","NA","NA",0,"NA","NA",2023-07-28,"Wade","CoCoRaHS VT-FR-30",0,2023
"162","07/29/2023  ","0.8","NA","NA","NA",0,"NA","NA",2023-07-29,"Wade","CoCoRaHS VT-FR-30",0,2023
"163","07/30/2023  ","8.1","NA","NA","NA",0,"NA","NA",2023-07-30,"Wade","CoCoRaHS VT-FR-30",0,2023
"164","07/31/2023  ","1.3","NA","NA","NA",0,"NA","NA",2023-07-31,"Wade","CoCoRaHS VT-FR-30",0,2023
"165","08/01/2023  ","4.3","NA","NA","NA",0,"NA","NA",2023-08-01,"Wade","CoCoRaHS VT-FR-30",0,2023
"166","08/02/2023  ","T","NA","NA","NA",0,"NA","NA",2023-08-02,"Wade","CoCoRaHS VT-FR-30",0,2023
"167","08/03/2023  ","0","0","NA","NA",0,"NA","NA",2023-08-03,"Wade","CoCoRaHS VT-FR-30",0,2023
"168","08/04/2023  ","5.3","NA","NA","NA",0,"NA","NA",2023-08-04,"Wade","CoCoRaHS VT-FR-30",0,2023
"169","08/05/2023  ","0.8","NA","NA","NA",0,"NA","NA",2023-08-05,"Wade","CoCoRaHS VT-FR-30",0,2023
"170","08/06/2023  ","0","0","NA","NA",0,"NA","NA",2023-08-06,"Wade","CoCoRaHS VT-FR-30",0,2023
"171","08/07/2023  ","0","0","NA","NA",0,"NA","NA",2023-08-07,"Wade","CoCoRaHS VT-FR-30",0,2023
"172","08/08/2023  ","18.3","NA","NA","NA",0,"NA","NA",2023-08-08,"Wade","CoCoRaHS VT-FR-30",0,2023
"173","08/09/2023  ","11.4","NA","NA","NA",0,"NA","NA",2023-08-09,"Wade","CoCoRaHS VT-FR-30",0,2023
"174","08/10/2023  ","0.5","NA","NA","NA",0,"NA","NA",2023-08-10,"Wade","CoCoRaHS VT-FR-30",0,2023
"175","08/11/2023  ","11.4","NA","NA","NA",0,"NA","NA",2023-08-11,"Wade","CoCoRaHS VT-FR-30",0,2023
"176","08/12/2023  ","1.8","NA","NA","NA",0,"NA","NA",2023-08-12,"Wade","CoCoRaHS VT-FR-30",0,2023
"177","08/13/2023  ","0.8","NA","NA","NA",0,"NA","NA",2023-08-13,"Wade","CoCoRaHS VT-FR-30",0,2023
"178","08/14/2023  ","5.8","NA","NA","NA",0,"NA","NA",2023-08-14,"Wade","CoCoRaHS VT-FR-30",0,2023
"179","08/15/2023  ","0","0","NA","NA",0,"NA","NA",2023-08-15,"Wade","CoCoRaHS VT-FR-30",0,2023
"180","08/16/2023  ","0","0","NA","NA",0,"NA","NA",2023-08-16,"Wade","CoCoRaHS VT-FR-30",0,2023
"181","08/17/2023  ","8.1","NA","NA","NA",0,"NA","NA",2023-08-17,"Wade","CoCoRaHS VT-FR-30",0,2023
"182","08/18/2023  ","0.5","NA","NA","NA",0,"NA","NA",2023-08-18,"Wade","CoCoRaHS VT-FR-30",0,2023
"183","08/19/2023  ","4.6","NA","NA","NA",0,"NA","NA",2023-08-19,"Wade","CoCoRaHS VT-FR-30",0,2023
"184","08/20/2023  ","12.4","NA","NA","NA",0,"NA","NA",2023-08-20,"Wade","CoCoRaHS VT-FR-30",0,2023
"185","08/21/2023  ","0","0","NA","NA",0,"NA","NA",2023-08-21,"Wade","CoCoRaHS VT-FR-30",0,2023
"186","08/22/2023  ","0.8","NA","NA","NA",0,"NA","NA",2023-08-22,"Wade","CoCoRaHS VT-FR-30",0,2023
"187","08/23/2023  ","0","0","NA","NA",0,"NA","NA",2023-08-23,"Wade","CoCoRaHS VT-FR-30",0,2023
"188","08/25/2023  ","5.3","NA","NA","NA",0,"NA","NA",2023-08-25,"Wade","CoCoRaHS VT-FR-30",0,2023
"189","08/26/2023  ","2.5","NA","NA","NA",0,"NA","NA",2023-08-26,"Wade","CoCoRaHS VT-FR-30",0,2023
"190","08/27/2023  ","10.2","NA","NA","NA",0,"NA","NA",2023-08-27,"Wade","CoCoRaHS VT-FR-30",0,2023
"191","08/28/2023  ","0","0","NA","NA",0,"NA","NA",2023-08-28,"Wade","CoCoRaHS VT-FR-30",0,2023
"192","08/29/2023  ","T","NA","NA","NA",0,"NA","NA",2023-08-29,"Wade","CoCoRaHS VT-FR-30",0,2023
"193","08/30/2023  ","2","NA","NA","NA",0,"NA","NA",2023-08-30,"Wade","CoCoRaHS VT-FR-30",0,2023
"194","08/31/2023  ","28.4","NA","NA","NA",0,"NA","NA",2023-08-31,"Wade","CoCoRaHS VT-FR-30",0,2023
"195","09/01/2023  ","0","0","NA","NA",0,"NA","NA",2023-09-01,"Wade","CoCoRaHS VT-FR-30",0,2023
"196","09/02/2023  ","0","0","NA","NA",0,"NA","NA",2023-09-02,"Wade","CoCoRaHS VT-FR-30",0,2023
"197","09/03/2023  ","0","0","NA","NA",0,"NA","NA",2023-09-03,"Wade","CoCoRaHS VT-FR-30",0,2023
"198","09/04/2023  ","0","0","NA","NA",0,"NA","NA",2023-09-04,"Wade","CoCoRaHS VT-FR-30",0,2023
"199","09/05/2023  ","0","0","NA","NA",0,"NA","NA",2023-09-05,"Wade","CoCoRaHS VT-FR-30",0,2023
"200","09/06/2023  ","0","0","NA","NA",0,"NA","NA",2023-09-06,"Wade","CoCoRaHS VT-FR-30",0,2023
"201","09/07/2023  ","0","0","NA","NA",0,"NA","NA",2023-09-07,"Wade","CoCoRaHS VT-FR-30",0,2023
"202","09/08/2023  ","10.4","NA","NA","NA",0,"NA","NA",2023-09-08,"Wade","CoCoRaHS VT-FR-30",0,2023
"203","09/09/2023  ","0.8","NA","NA","NA",0,"NA","NA",2023-09-09,"Wade","CoCoRaHS VT-FR-30",0,2023
"204","09/10/2023  ","13","NA","NA","NA",0,"NA","NA",2023-09-10,"Wade","CoCoRaHS VT-FR-30",0,2023
"205","09/11/2023  ","9.4","NA","NA","NA",0,"NA","NA",2023-09-11,"Wade","CoCoRaHS VT-FR-30",0,2023
"206","09/12/2023  ","0.8","NA","NA","NA",0,"NA","NA",2023-09-12,"Wade","CoCoRaHS VT-FR-30",0,2023
"207","09/13/2023  ","1","NA","NA","NA",0,"NA","NA",2023-09-13,"Wade","CoCoRaHS VT-FR-30",0,2023
"208","09/14/2023  ","5.8","NA","NA","NA",0,"NA","NA",2023-09-14,"Wade","CoCoRaHS VT-FR-30",0,2023
"209","09/15/2023  ","0","0","NA","NA",0,"NA","NA",2023-09-15,"Wade","CoCoRaHS VT-FR-30",0,2023
"210","09/16/2023  ","0","0","NA","NA",0,"NA","NA",2023-09-16,"Wade","CoCoRaHS VT-FR-30",0,2023
"211","09/17/2023  ","0","0","NA","NA",0,"NA","NA",2023-09-17,"Wade","CoCoRaHS VT-FR-30",0,2023
"212","09/18/2023  ","1","NA","NA","NA",0,"NA","NA",2023-09-18,"Wade","CoCoRaHS VT-FR-30",0,2023
"213","09/19/2023  ","9.4","NA","NA","NA",0,"NA","NA",2023-09-19,"Wade","CoCoRaHS VT-FR-30",0,2023
"214","09/20/2023  ","27.9","NA","NA","NA",0,"NA","NA",2023-09-20,"Wade","CoCoRaHS VT-FR-30",0,2023
"215","09/21/2023  ","T","NA","NA","NA",0,"NA","NA",2023-09-21,"Wade","CoCoRaHS VT-FR-30",0,2023
"216","09/22/2023  ","0","0","NA","NA",0,"NA","NA",2023-09-22,"Wade","CoCoRaHS VT-FR-30",0,2023
"217","09/23/2023  ","0","0","NA","NA",0,"NA","NA",2023-09-23,"Wade","CoCoRaHS VT-FR-30",0,2023
"218","09/24/2023  ","0","0","NA","NA",0,"NA","NA",2023-09-24,"Wade","CoCoRaHS VT-FR-30",0,2023
"219","09/25/2023  ","0","0","NA","NA",0,"NA","NA",2023-09-25,"Wade","CoCoRaHS VT-FR-30",0,2023
"220","09/26/2023  ","0","0","NA","NA",0,"NA","NA",2023-09-26,"Wade","CoCoRaHS VT-FR-30",0,2023
"221","09/27/2023  ","0","0","NA","NA",0,"NA","NA",2023-09-27,"Wade","CoCoRaHS VT-FR-30",0,2023
"222","09/28/2023  ","0","0","NA","NA",0,"NA","NA",2023-09-28,"Wade","CoCoRaHS VT-FR-30",0,2023
"223","09/29/2023  ","0","0","NA","NA",0,"NA","NA",2023-09-29,"Wade","CoCoRaHS VT-FR-30",0,2023
"224","09/30/2023  ","0","0","NA","NA",0,"NA","NA",2023-09-30,"Wade","CoCoRaHS VT-FR-30",0,2023
"225","10/01/2023  ","0","0","NA","NA",0,"NA","NA",2023-10-01,"Wade","CoCoRaHS VT-FR-30",0,2024
"226","10/02/2023  ","0","0","NA","NA",0,"NA","NA",2023-10-02,"Wade","CoCoRaHS VT-FR-30",0,2024
"227","10/03/2023  ","0","0","NA","NA",0,"NA","NA",2023-10-03,"Wade","CoCoRaHS VT-FR-30",0,2024
"228","10/04/2023  ","0","0","NA","NA",0,"NA","NA",2023-10-04,"Wade","CoCoRaHS VT-FR-30",0,2024
"229","10/05/2023  ","0","0","NA","NA",0,"NA","NA",2023-10-05,"Wade","CoCoRaHS VT-FR-30",0,2024
"230","10/06/2023  ","0","0","NA","NA",0,"NA","NA",2023-10-06,"Wade","CoCoRaHS VT-FR-30",0,2024
"231","10/07/2023  ","0","0","NA","NA",0,"NA","NA",2023-10-07,"Wade","CoCoRaHS VT-FR-30",0,2024
"232","10/08/2023  ","52.1","NA","NA","NA",0,"NA","NA",2023-10-08,"Wade","CoCoRaHS VT-FR-30",0,2024
"233","10/09/2023  ","1.8","NA","NA","NA",0,"NA","NA",2023-10-09,"Wade","CoCoRaHS VT-FR-30",0,2024
"234","10/10/2023  ","0","0","NA","NA",0,"NA","NA",2023-10-10,"Wade","CoCoRaHS VT-FR-30",0,2024
"235","10/11/2023  ","0.2","NA","NA","NA",0,"NA","NA",2023-10-11,"Wade","CoCoRaHS VT-FR-30",0,2024
"236","10/12/2023  ","1","NA","NA","NA",0,"NA","NA",2023-10-12,"Wade","CoCoRaHS VT-FR-30",0,2024
"237","10/13/2023  ","6.4","NA","NA","NA",0,"NA","NA",2023-10-13,"Wade","CoCoRaHS VT-FR-30",0,2024
"238","10/14/2023  ","1.5","NA","NA","NA",0,"NA","NA",2023-10-14,"Wade","CoCoRaHS VT-FR-30",0,2024
"239","10/15/2023  ","0.5","NA","NA","NA",0,"NA","NA",2023-10-15,"Wade","CoCoRaHS VT-FR-30",0,2024
"240","10/16/2023  ","8.9","NA","NA","NA",0,"NA","NA",2023-10-16,"Wade","CoCoRaHS VT-FR-30",0,2024
"241","10/17/2023  ","5.1","NA","NA","NA",0,"NA","NA",2023-10-17,"Wade","CoCoRaHS VT-FR-30",0,2024
"242","10/18/2023  ","0.8","NA","NA","NA",0,"NA","NA",2023-10-18,"Wade","CoCoRaHS VT-FR-30",0,2024
"243","10/19/2023  ","0","0","NA","NA",0,"NA","NA",2023-10-19,"Wade","CoCoRaHS VT-FR-30",0,2024
"244","10/20/2023  ","0","0","NA","NA",0,"NA","NA",2023-10-20,"Wade","CoCoRaHS VT-FR-30",0,2024
"245","10/22/2023  ","49.5","NA","NA","NA",0,"NA","NA",2023-10-22,"Wade","CoCoRaHS VT-FR-30",0,2024
"246","10/23/2023  ","19.3","NA","NA","NA",0,"NA","NA",2023-10-23,"Wade","CoCoRaHS VT-FR-30",0,2024
"247","10/24/2023  ","3","NA","NA","NA",0,"NA","NA",2023-10-24,"Wade","CoCoRaHS VT-FR-30",0,2024
"248","10/25/2023  ","2.3","NA","NA","NA",0,"NA","NA",2023-10-25,"Wade","CoCoRaHS VT-FR-30",0,2024
"249","10/26/2023  ","3","NA","NA","NA",0,"NA","NA",2023-10-26,"Wade","CoCoRaHS VT-FR-30",0,2024
"250","10/27/2023  ","1.5","NA","NA","NA",0,"NA","NA",2023-10-27,"Wade","CoCoRaHS VT-FR-30",0,2024
"251","10/28/2023  ","T","NA","NA","NA",0,"NA","NA",2023-10-28,"Wade","CoCoRaHS VT-FR-30",0,2024
"252","10/29/2023  ","1","NA","NA","NA",0,"NA","NA",2023-10-29,"Wade","CoCoRaHS VT-FR-30",0,2024
"253","10/30/2023  ","5.8","NA","NA","NA",0,"NA","NA",2023-10-30,"Wade","CoCoRaHS VT-FR-30",0,2024
"254","10/31/2023  ","10.4","NA","NA","NA",0,"NA","NA",2023-10-31,"Wade","CoCoRaHS VT-FR-30",0,2024
"255","11/01/2023  ","0","0","NA","NA",0,"NA","NA",2023-11-01,"Wade","CoCoRaHS VT-FR-30",0,2024
"256","11/02/2023  ","1","1.3","1","12.5 : 1",0,"NA","NA",2023-11-02,"Wade","CoCoRaHS VT-FR-30",0,2024
"257","11/03/2023  ","0","0","NA","NA",0,"NA","NA",2023-11-03,"Wade","CoCoRaHS VT-FR-30",0,2024
"258","11/04/2023  ","0","0","NA","NA",0,"NA","NA",2023-11-04,"Wade","CoCoRaHS VT-FR-30",0,2024
"259","11/05/2023  ","0","0","NA","NA",0,"NA","NA",2023-11-05,"Wade","CoCoRaHS VT-FR-30",0,2024
"260","11/06/2023  ","0","0","NA","NA",0,"NA","NA",2023-11-06,"Wade","CoCoRaHS VT-FR-30",0,2024
"261","11/07/2023  ","0","0","NA","NA",0,"NA","NA",2023-11-07,"Wade","CoCoRaHS VT-FR-30",0,2024
"262","11/08/2023  ","12.7","NA","NA","NA",0,"NA","NA",2023-11-08,"Wade","CoCoRaHS VT-FR-30",0,2024
"263","11/09/2023  ","1","2","1","20 : 1",0,"NA","NA",2023-11-09,"Wade","CoCoRaHS VT-FR-30",0,2024
"264","11/10/2023  ","14.2","1.3","5.1","2.5 : 1",0,"NA","NA",2023-11-10,"Wade","CoCoRaHS VT-FR-30",0,2024
"265","11/11/2023  ","0.5","NA","NA","NA",0,"NA","NA",2023-11-11,"Wade","CoCoRaHS VT-FR-30",0,2024
"266","11/12/2023  ","T","T","T","NA",0,"NA","NA",2023-11-12,"Wade","CoCoRaHS VT-FR-30",0,2024
"267","11/13/2023  ","0","0","NA","NA",0,"NA","NA",2023-11-13,"Wade","CoCoRaHS VT-FR-30",0,2024
"268","11/14/2023  ","T","T","T","NA",0,"NA","NA",2023-11-14,"Wade","CoCoRaHS VT-FR-30",0,2024
"269","11/15/2023  ","T","T","T","NA",0,"NA","NA",2023-11-15,"Wade","CoCoRaHS VT-FR-30",0,2024
"270","11/16/2023  ","0","0","NA","NA",0,"NA","NA",2023-11-16,"Wade","CoCoRaHS VT-FR-30",0,2024
"271","11/17/2023  ","0","0","NA","NA",0,"NA","NA",2023-11-17,"Wade","CoCoRaHS VT-FR-30",0,2024
"272","11/18/2023  ","13.2","NA","NA","NA",0,"NA","NA",2023-11-18,"Wade","CoCoRaHS VT-FR-30",0,2024
"273","11/19/2023  ","T","T","T","NA",0,"NA","NA",2023-11-19,"Wade","CoCoRaHS VT-FR-30",0,2024
"274","11/20/2023  ","3.8","2.5","3.8","6.7 : 1",0,"NA","NA",2023-11-20,"Wade","CoCoRaHS VT-FR-30",0,2024
"275","11/21/2023  ","0","0","0","NA",0,"NA","NA",2023-11-21,"Wade","CoCoRaHS VT-FR-30",0,2024
"276","11/23/2023  ","3","NA","NA","NA",0,"NA","NA",2023-11-23,"Wade","CoCoRaHS VT-FR-30",0,2024
"277","11/25/2023  ","0","0","NA","NA",0,"NA","NA",2023-11-25,"Wade","CoCoRaHS VT-FR-30",0,2024
"278","11/26/2023  ","0","0","NA","NA",0,"NA","NA",2023-11-26,"Wade","CoCoRaHS VT-FR-30",0,2024
"279","11/27/2023  ","18.8","3.8","18.8","2 : 1",10.2,"NA","NA",2023-11-27,"Wade","CoCoRaHS VT-FR-30",10.2,2024
"280","11/28/2023  ","0.5","T","NA","NA",0,"NA","NA",2023-11-28,"Wade","CoCoRaHS VT-FR-30",0,2024
"281","11/29/2023  ","6.1","15.2","6.1","25 : 1",24.1,"NA","NA",2023-11-29,"Wade","CoCoRaHS VT-FR-30",24.1,2024
"282","11/30/2023  ","T","T","T","NA",24.1,"NA","NA",2023-11-30,"Wade","CoCoRaHS VT-FR-30",24.1,2024
"283","12/01/2023  ","0","0","NA","NA",0,"NA","NA",2023-12-01,"Wade","CoCoRaHS VT-FR-30",0,2024
"284","12/02/2023  ","6.4","NA","NA","NA",0,"NA","NA",2023-12-02,"Wade","CoCoRaHS VT-FR-30",0,2024
"285","12/03/2023  ","1","NA","NA","NA",0,"NA","NA",2023-12-03,"Wade","CoCoRaHS VT-FR-30",0,2024
"286","12/04/2023  ","5.1","2.5","5.1","5 : 1",0,"NA","NA",2023-12-04,"Wade","CoCoRaHS VT-FR-30",0,2024
"287","12/05/2023  ","5.1","6.4","5.1","12.5 : 1",12.7,"NA","NA",2023-12-05,"Wade","CoCoRaHS VT-FR-30",12.7,2024
"288","12/06/2023  ","T","T","T","NA",12.7,"NA","NA",2023-12-06,"Wade","CoCoRaHS VT-FR-30",12.7,2024
"289","12/07/2023  ","0.8","1.3","0.8","16.7 : 1",0,"NA","NA",2023-12-07,"Wade","CoCoRaHS VT-FR-30",0,2024
"290","12/08/2023  ","T","T","T","NA",12.7,"NA","NA",2023-12-08,"Wade","CoCoRaHS VT-FR-30",12.7,2024
"291","12/09/2023  ","0","0","NA","NA",0,"NA","NA",2023-12-09,"Wade","CoCoRaHS VT-FR-30",0,2024
"292","12/11/2023  ","15","11.4","15","7.6 : 1",25.4,"NA","NA",2023-12-11,"Wade","CoCoRaHS VT-FR-30",25.4,2024
"293","12/12/2023  ","14.5","20.3","14.5","14 : 1",0,"NA","NA",2023-12-12,"Wade","CoCoRaHS VT-FR-30",0,2024
"294","12/13/2023  ","2.5","3.8","2.5","15 : 1",33,"NA","NA",2023-12-13,"Wade","CoCoRaHS VT-FR-30",33,2024
"295","12/14/2023  ","1.3","3.8","1.3","30 : 1",0,"NA","NA",2023-12-14,"Wade","CoCoRaHS VT-FR-30",0,2024
"296","12/15/2023  ","0","0","NA","NA",33,"NA","NA",2023-12-15,"Wade","CoCoRaHS VT-FR-30",33,2024
"297","12/16/2023  ","0","0","NA","NA",0,"NA","NA",2023-12-16,"Wade","CoCoRaHS VT-FR-30",0,2024
"298","12/17/2023  ","0","0","NA","NA",0,"NA","NA",2023-12-17,"Wade","CoCoRaHS VT-FR-30",0,2024
"299","12/18/2023  ","21.3","NA","NA","NA",0,"NA","NA",2023-12-18,"Wade","CoCoRaHS VT-FR-30",0,2024
"300","12/19/2023  ","33","0","0","NA",0,"NA","NA",2023-12-19,"Wade","CoCoRaHS VT-FR-30",0,2024
"301","12/20/2023  ","T","T","T","NA",0,"NA","NA",2023-12-20,"Wade","CoCoRaHS VT-FR-30",0,2024
"302","12/21/2023  ","T","T","T","NA",0,"NA","NA",2023-12-21,"Wade","CoCoRaHS VT-FR-30",0,2024
"303","12/22/2023  ","T","T","T","NA",0,"NA","NA",2023-12-22,"Wade","CoCoRaHS VT-FR-30",0,2024
"304","12/23/2023  ","T","T","T","NA",0,"NA","NA",2023-12-23,"Wade","CoCoRaHS VT-FR-30",0,2024
"305","12/24/2023  ","T","T","T","NA",0,"NA","NA",2023-12-24,"Wade","CoCoRaHS VT-FR-30",0,2024
"306","12/25/2023  ","0","0","NA","NA",0,"NA","NA",2023-12-25,"Wade","CoCoRaHS VT-FR-30",0,2024
"307","12/26/2023  ","0","0","NA","NA",0,"NA","NA",2023-12-26,"Wade","CoCoRaHS VT-FR-30",0,2024
"308","12/27/2023  ","3.3","NA","NA","NA",0,"NA","NA",2023-12-27,"Wade","CoCoRaHS VT-FR-30",0,2024
"309","12/28/2023  ","3","NA","NA","NA",0,"NA","NA",2023-12-28,"Wade","CoCoRaHS VT-FR-30",0,2024
"310","12/29/2023  ","3","NA","NA","NA",0,"NA","NA",2023-12-29,"Wade","CoCoRaHS VT-FR-30",0,2024
"311","12/30/2023  ","7.6","0.5","T","NA",0,"NA","NA",2023-12-30,"Wade","CoCoRaHS VT-FR-30",0,2024
"312","12/31/2023  ","0.5","T","NA","NA",0,"NA","NA",2023-12-31,"Wade","CoCoRaHS VT-FR-30",0,2024
"313","01/01/2024  ","T","T","NA","NA",0,"NA","NA",2024-01-01,"Wade","CoCoRaHS VT-FR-30",0,2024
"314","01/02/2024  ","T","T","NA","NA",0,"NA","NA",2024-01-02,"Wade","CoCoRaHS VT-FR-30",0,2024
"315","01/03/2024  ","0","0","NA","NA",0,"NA","NA",2024-01-03,"Wade","CoCoRaHS VT-FR-30",0,2024
"316","01/04/2024  ","T","T","NA","NA",0,"NA","NA",2024-01-04,"Wade","CoCoRaHS VT-FR-30",0,2024
"317","01/05/2024  ","4.1","3.8","4.1","9.4 : 1",0,"NA","NA",2024-01-05,"Wade","CoCoRaHS VT-FR-30",0,2024
"318","01/06/2024  ","1","2.5","1","25 : 1",0,"NA","NA",2024-01-06,"Wade","CoCoRaHS VT-FR-30",0,2024
"319","01/07/2024  ","3.3","5.8","3.3","17.7 : 1",0,"NA","NA",2024-01-07,"Wade","CoCoRaHS VT-FR-30",0,2024
"320","01/08/2024  ","6.4","10.2","6.4","16 : 1",25.4,"NA","NA",2024-01-08,"Wade","CoCoRaHS VT-FR-30",25.4,2024
"321","01/09/2024  ","T","T","T","NA",25.4,"NA","NA",2024-01-09,"Wade","CoCoRaHS VT-FR-30",25.4,2024
"322","01/10/2024  ","22.6","17.8","22.6","7.9 : 1",25.4,"NA","NA",2024-01-10,"Wade","CoCoRaHS VT-FR-30",25.4,2024
"323","01/11/2024  ","8.1","T","T","NA",29.2,"NA","NA",2024-01-11,"Wade","CoCoRaHS VT-FR-30",29.2,2024
"324","01/12/2024  ","17.3","4.1","17.3","2.4 : 1",0,"NA","NA",2024-01-12,"Wade","CoCoRaHS VT-FR-30",0,2024
"325","01/22/2024  ","T","T","NA","NA",0,"NA","NA",2024-01-22,"Wade","CoCoRaHS VT-FR-30",0,2024
"326","01/23/2024  ","T","T","T","NA",0,"NA","NA",2024-01-23,"Wade","CoCoRaHS VT-FR-30",0,2024
"327","01/24/2024  ","T","T","T","NA",0,"NA","NA",2024-01-24,"Wade","CoCoRaHS VT-FR-30",0,2024
"328","01/25/2024  ","6.4","NA","NA","NA",0,"NA","NA",2024-01-25,"Wade","CoCoRaHS VT-FR-30",0,2024
"329","01/26/2024  ","0.8","NA","NA","NA",0,"NA","NA",2024-01-26,"Wade","CoCoRaHS VT-FR-30",0,2024
"330","01/28/2024  ","T","T","T","NA",0,"NA","NA",2024-01-28,"Wade","CoCoRaHS VT-FR-30",0,2024
"331","01/29/2024  ","0","0","NA","NA",0,"NA","NA",2024-01-29,"Wade","CoCoRaHS VT-FR-30",0,2024
"332","01/30/2024  ","0","0","NA","NA",0,"NA","NA",2024-01-30,"Wade","CoCoRaHS VT-FR-30",0,2024
"333","01/31/2024  ","0","0","NA","NA",0,"NA","NA",2024-01-31,"Wade","CoCoRaHS VT-FR-30",0,2024
"334","02/01/2024  ","0","0","NA","NA",22.9,"NA","NA",2024-02-01,"Wade","CoCoRaHS VT-FR-30",22.9,2024
"335","02/02/2024  ","T","T","T","NA",22.9,"NA","NA",2024-02-02,"Wade","CoCoRaHS VT-FR-30",22.9,2024
"336","02/03/2024  ","T","T","T","NA",22.9,"NA","NA",2024-02-03,"Wade","CoCoRaHS VT-FR-30",22.9,2024
"337","02/04/2024  ","0","0","NA","NA",22.9,"NA","NA",2024-02-04,"Wade","CoCoRaHS VT-FR-30",22.9,2024
"338","02/05/2024  ","0","0","NA","NA",0,"NA","NA",2024-02-05,"Wade","CoCoRaHS VT-FR-30",0,2024
"339","02/06/2024  ","0","0","NA","NA",0,"NA","NA",2024-02-06,"Wade","CoCoRaHS VT-FR-30",0,2024
"340","02/07/2024  ","0","0","NA","NA",22.9,"NA","NA",2024-02-07,"Wade","CoCoRaHS VT-FR-30",22.9,2024
"341","02/08/2024  ","0","0","NA","NA",15.2,"NA","NA",2024-02-08,"Wade","CoCoRaHS VT-FR-30",15.2,2024
"342","02/09/2024  ","0","0","NA","NA",15.2,"NA","NA",2024-02-09,"Wade","CoCoRaHS VT-FR-30",15.2,2024
"343","02/10/2024  ","0","0","NA","NA",0,"NA","NA",2024-02-10,"Wade","CoCoRaHS VT-FR-30",0,2024
"344","02/11/2024  ","0","0","NA","NA",8.9,"NA","NA",2024-02-11,"Wade","CoCoRaHS VT-FR-30",8.9,2024
"345","02/12/2024  ","0","0","NA","NA",8.9,"NA","NA",2024-02-12,"Wade","CoCoRaHS VT-FR-30",8.9,2024
"346","02/13/2024  ","T","T","NA","NA",8.9,"NA","NA",2024-02-13,"Wade","CoCoRaHS VT-FR-30",8.9,2024
"347","02/14/2024  ","2.8","6.4","NA","NA",15.2,"NA","NA",2024-02-14,"Wade","CoCoRaHS VT-FR-30",15.2,2024
"348","02/15/2024  ","T","T","T","NA",15.2,"NA","NA",2024-02-15,"Wade","CoCoRaHS VT-FR-30",15.2,2024
"349","02/16/2024  ","5.3","11.7","NA","NA",25.4,"NA","NA",2024-02-16,"Wade","CoCoRaHS VT-FR-30",25.4,2024
"350","02/17/2024  ","3.8","10.2","3.8","26.7 : 1",35.6,"NA","NA",2024-02-17,"Wade","CoCoRaHS VT-FR-30",35.6,2024
"351","02/18/2024  ","0.8","1","0.8","13.3 : 1",36.8,"NA","NA",2024-02-18,"Wade","CoCoRaHS VT-FR-30",36.8,2024
"352","02/19/2024  ","4.3","7.6","4.3","17.6 : 1",44.4,"NA","NA",2024-02-19,"Wade","CoCoRaHS VT-FR-30",44.4,2024
"353","02/20/2024  ","T","T","T","NA",44.4,"NA","NA",2024-02-20,"Wade","CoCoRaHS VT-FR-30",44.4,2024
"354","02/21/2024  ","T","T","T","NA",44.4,"NA","NA",2024-02-21,"Wade","CoCoRaHS VT-FR-30",44.4,2024
"355","02/22/2024  ","0","0","0","NA",20.3,"NA","NA",2024-02-22,"Wade","CoCoRaHS VT-FR-30",20.3,2024
"356","02/23/2024  ","0","0","0","NA",15.2,"NA","NA",2024-02-23,"Wade","CoCoRaHS VT-FR-30",15.2,2024
"357","02/24/2024  ","0","0","NA","NA",11.4,"NA","NA",2024-02-24,"Wade","CoCoRaHS VT-FR-30",11.4,2024
"358","02/25/2024  ","0","0","NA","NA",11.4,"NA","NA",2024-02-25,"Wade","CoCoRaHS VT-FR-30",11.4,2024
"359","02/26/2024  ","T","T","T","NA",11.4,"NA","NA",2024-02-26,"Wade","CoCoRaHS VT-FR-30",11.4,2024
"360","02/27/2024  ","0","0","NA","NA",11.4,"NA","NA",2024-02-27,"Wade","CoCoRaHS VT-FR-30",11.4,2024
"361","02/28/2024  ","0","0","NA","NA",8.9,"NA","NA",2024-02-28,"Wade","CoCoRaHS VT-FR-30",8.9,2024
"362","03/01/2024  ","T","T","NA","NA",2.5,"NA","NA",2024-03-01,"Wade","CoCoRaHS VT-FR-30",2.5,2024
"363","03/02/2024  ","0","0","NA","NA",2.5,"NA","NA",2024-03-02,"Wade","CoCoRaHS VT-FR-30",2.5,2024
"364","03/04/2024  ","0.2","NA","NA","NA",0,"NA","NA",2024-03-04,"Wade","CoCoRaHS VT-FR-30",0,2024
"365","03/07/2024  ","25.4","NA","NA","NA",0,"NA","NA",2024-03-07,"Wade","CoCoRaHS VT-FR-30",0,2024
"366","03/08/2024  ","0","0","NA","NA",0,"NA","NA",2024-03-08,"Wade","CoCoRaHS VT-FR-30",0,2024
"367","03/09/2024  ","0","0","NA","NA",0,"NA","NA",2024-03-09,"Wade","CoCoRaHS VT-FR-30",0,2024
"368","03/10/2024  ","34.3","11.4","34.3","3.3 : 1",11.4,"NA","NA",2024-03-10,"Wade","CoCoRaHS VT-FR-30",11.4,2024
"369","03/11/2024  ","12.7","14","12.7","11 : 1",26.7,"NA","NA",2024-03-11,"Wade","CoCoRaHS VT-FR-30",26.7,2024
"370","03/12/2024  ","7.1","7.6","7.1","10.7 : 1",33,"NA","NA",2024-03-12,"Wade","CoCoRaHS VT-FR-30",33,2024
"371","03/13/2024  ","0","0","NA","NA",30.5,"NA","NA",2024-03-13,"Wade","CoCoRaHS VT-FR-30",30.5,2024
"372","03/14/2024  ","0","0","NA","NA",25.4,"NA","NA",2024-03-14,"Wade","CoCoRaHS VT-FR-30",25.4,2024
"373","03/15/2024  ","7.6","0","NA","NA",16.5,"NA","NA",2024-03-15,"Wade","CoCoRaHS VT-FR-30",16.5,2024
"374","03/16/2024  ","1.3","NA","NA","NA",0,"NA","NA",2024-03-16,"Wade","CoCoRaHS VT-FR-30",0,2024
"375","03/18/2024  ","14","T","NA","NA",5.1,"NA","NA",2024-03-18,"Wade","CoCoRaHS VT-FR-30",5.1,2024
"376","03/19/2024  ","11.4","12.7","11.4","11.1 : 1",17.8,"NA","NA",2024-03-19,"Wade","CoCoRaHS VT-FR-30",17.8,2024
"377","03/21/2024  ","5.1","7.6","5.1","15 : 1",25.4,"NA","NA",2024-03-21,"Wade","CoCoRaHS VT-FR-30",25.4,2024
"378","03/23/2024  ","3.8","5.1","3.8","13.3 : 1",0,"NA","NA",2024-03-23,"Wade","CoCoRaHS VT-FR-30",0,2024
"379","03/25/2024  ","0","0","NA","NA",0,"NA","NA",2024-03-25,"Wade","CoCoRaHS VT-FR-30",0,2024
"380","03/26/2024  ","0","0","NA","NA",0,"NA","NA",2024-03-26,"Wade","CoCoRaHS VT-FR-30",0,2024
"381","03/27/2024  ","0","0","NA","NA",0,"NA","NA",2024-03-27,"Wade","CoCoRaHS VT-FR-30",0,2024
"382","03/28/2024  ","1.5","0","NA","NA",5.1,"NA","NA",2024-03-28,"Wade","CoCoRaHS VT-FR-30",5.1,2024
"383","03/29/2024  ","0","0","NA","NA",2.5,"NA","NA",2024-03-29,"Wade","CoCoRaHS VT-FR-30",2.5,2024
"384","03/30/2024  ","0","0","NA","NA",0,"NA","NA",2024-03-30,"Wade","CoCoRaHS VT-FR-30",0,2024
"385","03/31/2024  ","0","0","NA","NA",0,"NA","NA",2024-03-31,"Wade","CoCoRaHS VT-FR-30",0,2024
"386","04/01/2024  ","0","0","NA","NA",0,"NA","NA",2024-04-01,"Wade","CoCoRaHS VT-FR-30",0,2024
"387","04/02/2024  ","0","0","NA","NA",0,"NA","NA",2024-04-02,"Wade","CoCoRaHS VT-FR-30",0,2024
"388","04/03/2024  ","0","0","NA","NA",0,"NA","NA",2024-04-03,"Wade","CoCoRaHS VT-FR-30",0,2024
"389","04/04/2024  ","10.2","10.2","10.2","10 : 1",10.2,"NA","NA",2024-04-04,"Wade","CoCoRaHS VT-FR-30",10.2,2024
"390","04/05/2024  ","17.8","17.8","17.8","10 : 1",33,"NA","NA",2024-04-05,"Wade","CoCoRaHS VT-FR-30",33,2024
"391","04/06/2024  ","T","T","T","NA",22.9,"NA","NA",2024-04-06,"Wade","CoCoRaHS VT-FR-30",22.9,2024
"392","04/07/2024  ","T","T","T","NA",17.8,"NA","NA",2024-04-07,"Wade","CoCoRaHS VT-FR-30",17.8,2024
"393","04/08/2024  ","0","0","NA","NA",12.7,"NA","NA",2024-04-08,"Wade","CoCoRaHS VT-FR-30",12.7,2024
"394","04/09/2024  ","0","0","NA","NA",0,"NA","NA",2024-04-09,"Wade","CoCoRaHS VT-FR-30",0,2024
"395","04/10/2024  ","T","0","NA","NA",0,"NA","NA",2024-04-10,"Wade","CoCoRaHS VT-FR-30",0,2024
"396","04/11/2024  ","3.8","NA","NA","NA",0,"NA","NA",2024-04-11,"Wade","CoCoRaHS VT-FR-30",0,2024
"397","04/12/2024  ","5.1","NA","NA","NA",0,"NA","NA",2024-04-12,"Wade","CoCoRaHS VT-FR-30",0,2024
"398","04/13/2024  ","17.8","NA","NA","NA",0,"NA","NA",2024-04-13,"Wade","CoCoRaHS VT-FR-30",0,2024
"399","04/14/2024  ","6.4","T","NA","NA",0,"NA","NA",2024-04-14,"Wade","CoCoRaHS VT-FR-30",0,2024
"400","04/15/2024  ","4.8","NA","NA","NA",0,"NA","NA",2024-04-15,"Wade","CoCoRaHS VT-FR-30",0,2024
"401","04/16/2024  ","1","NA","NA","NA",0,"NA","NA",2024-04-16,"Wade","CoCoRaHS VT-FR-30",0,2024
"402","04/17/2024  ","0","0","NA","NA",0,"NA","NA",2024-04-17,"Wade","CoCoRaHS VT-FR-30",0,2024
"403","04/18/2024  ","0","0","NA","NA",0,"NA","NA",2024-04-18,"Wade","CoCoRaHS VT-FR-30",0,2024
"404","04/19/2024  ","4.6","NA","NA","NA",0,"NA","NA",2024-04-19,"Wade","CoCoRaHS VT-FR-30",0,2024
"405","04/20/2024  ","T","NA","NA","NA",0,"NA","NA",2024-04-20,"Wade","CoCoRaHS VT-FR-30",0,2024
"406","04/21/2024  ","4.6","NA","NA","NA",0,"NA","NA",2024-04-21,"Wade","CoCoRaHS VT-FR-30",0,2024
"407","04/22/2024  ","T","T","T","NA",0,"NA","NA",2024-04-22,"Wade","CoCoRaHS VT-FR-30",0,2024
"408","04/23/2024  ","0","0","NA","NA",0,"NA","NA",2024-04-23,"Wade","CoCoRaHS VT-FR-30",0,2024
"409","04/24/2024  ","1.5","NA","NA","NA",0,"NA","NA",2024-04-24,"Wade","CoCoRaHS VT-FR-30",0,2024
"410","04/25/2024  ","3.3","NA","NA","NA",0,"NA","NA",2024-04-25,"Wade","CoCoRaHS VT-FR-30",0,2024
"411","04/26/2024  ","0","0","NA","NA",0,"NA","NA",2024-04-26,"Wade","CoCoRaHS VT-FR-30",0,2024
"412","04/27/2024  ","0","0","NA","NA",0,"NA","NA",2024-04-27,"Wade","CoCoRaHS VT-FR-30",0,2024
"413","04/28/2024  ","11.4","NA","NA","NA",0,"NA","NA",2024-04-28,"Wade","CoCoRaHS VT-FR-30",0,2024
"414","04/29/2024  ","4.3","NA","NA","NA",0,"NA","NA",2024-04-29,"Wade","CoCoRaHS VT-FR-30",0,2024
"415","04/30/2024  ","1.3","NA","NA","NA",0,"NA","NA",2024-04-30,"Wade","CoCoRaHS VT-FR-30",0,2024
"416","05/01/2024  ","4.3","NA","NA","NA",0,"NA","NA",2024-05-01,"Wade","CoCoRaHS VT-FR-30",0,2024
"417","05/02/2024  ","17.8","NA","NA","NA",0,"NA","NA",2024-05-02,"Wade","CoCoRaHS VT-FR-30",0,2024
"418","05/03/2024  ","0","0","NA","NA",0,"NA","NA",2024-05-03,"Wade","CoCoRaHS VT-FR-30",0,2024
"419","05/04/2024  ","0.5","NA","NA","NA",0,"NA","NA",2024-05-04,"Wade","CoCoRaHS VT-FR-30",0,2024
"420","05/05/2024  ","0","0","NA","NA",0,"NA","NA",2024-05-05,"Wade","CoCoRaHS VT-FR-30",0,2024
"421","05/06/2024  ","16","NA","NA","NA",0,"NA","NA",2024-05-06,"Wade","CoCoRaHS VT-FR-30",0,2024
"422","05/07/2024  ","0","0","NA","NA",0,"NA","NA",2024-05-07,"Wade","CoCoRaHS VT-FR-30",0,2024
"423","05/08/2024  ","0.8","NA","NA","NA",0,"NA","NA",2024-05-08,"Wade","CoCoRaHS VT-FR-30",0,2024
"424","05/09/2024  ","4.6","NA","NA","NA",0,"NA","NA",2024-05-09,"Wade","CoCoRaHS VT-FR-30",0,2024
"425","05/10/2024  ","0","0","NA","NA",0,"NA","NA",2024-05-10,"Wade","CoCoRaHS VT-FR-30",0,2024
"426","05/11/2024  ","0","0","NA","NA",0,"NA","NA",2024-05-11,"Wade","CoCoRaHS VT-FR-30",0,2024
"427","05/12/2024  ","1","NA","NA","NA",0,"NA","NA",2024-05-12,"Wade","CoCoRaHS VT-FR-30",0,2024
"428","05/13/2024  ","0.5","0","NA","NA",0,"NA","NA",2024-05-13,"Wade","CoCoRaHS VT-FR-30",0,2024
"429","05/14/2024  ","5.1","NA","NA","NA",0,"NA","NA",2024-05-14,"Wade","CoCoRaHS VT-FR-30",0,2024
"430","05/15/2024  ","3.8","NA","NA","NA",0,"NA","NA",2024-05-15,"Wade","CoCoRaHS VT-FR-30",0,2024
"431","05/16/2024  ","14","NA","NA","NA",0,"NA","NA",2024-05-16,"Wade","CoCoRaHS VT-FR-30",0,2024
"432","05/17/2024  ","0","0","NA","NA",0,"NA","NA",2024-05-17,"Wade","CoCoRaHS VT-FR-30",0,2024
"433","05/18/2024  ","T","NA","NA","NA",0,"NA","NA",2024-05-18,"Wade","CoCoRaHS VT-FR-30",0,2024
"434","05/19/2024  ","2.3","NA","NA","NA",0,"NA","NA",2024-05-19,"Wade","CoCoRaHS VT-FR-30",0,2024
"435","05/22/2024  ","27.9","NA","NA","NA",0,"NA","NA",2024-05-22,"Wade","CoCoRaHS VT-FR-30",0,2024
"436","05/23/2024  ","0.5","NA","NA","NA",0,"NA","NA",2024-05-23,"Wade","CoCoRaHS VT-FR-30",0,2024
"437","05/24/2024  ","0","0","NA","NA",0,"NA","NA",2024-05-24,"Wade","CoCoRaHS VT-FR-30",0,2024
"438","05/25/2024  ","0","0","NA","NA",0,"NA","NA",2024-05-25,"Wade","CoCoRaHS VT-FR-30",0,2024
"439","05/26/2024  ","0","0","NA","NA",0,"NA","NA",2024-05-26,"Wade","CoCoRaHS VT-FR-30",0,2024
"440","05/27/2024  ","0","0","NA","NA",0,"NA","NA",2024-05-27,"Wade","CoCoRaHS VT-FR-30",0,2024
"441","05/28/2024  ","31.8","NA","NA","NA",0,"NA","NA",2024-05-28,"Wade","CoCoRaHS VT-FR-30",0,2024
"442","05/29/2024  ","2","NA","NA","NA",0,"NA","NA",2024-05-29,"Wade","CoCoRaHS VT-FR-30",0,2024
"443","05/30/2024  ","0","0","NA","NA",0,"NA","NA",2024-05-30,"Wade","CoCoRaHS VT-FR-30",0,2024
"444","05/31/2024  ","0","0","NA","NA",0,"NA","NA",2024-05-31,"Wade","CoCoRaHS VT-FR-30",0,2024
"445","06/01/2024  ","0","0","NA","NA",0,"NA","NA",2024-06-01,"Wade","CoCoRaHS VT-FR-30",0,2024
"446","06/02/2024  ","0","0","NA","NA",0,"NA","NA",2024-06-02,"Wade","CoCoRaHS VT-FR-30",0,2024
"447","06/03/2024  ","0","0","NA","NA",0,"NA","NA",2024-06-03,"Wade","CoCoRaHS VT-FR-30",0,2024
"448","06/04/2024  ","0","0","NA","NA",0,"NA","NA",2024-06-04,"Wade","CoCoRaHS VT-FR-30",0,2024
"449","06/05/2024  ","0","0","NA","NA",0,"NA","NA",2024-06-05,"Wade","CoCoRaHS VT-FR-30",0,2024
"450","06/06/2024  ","3.6","NA","NA","NA",0,"NA","NA",2024-06-06,"Wade","CoCoRaHS VT-FR-30",0,2024
"451","06/07/2024  ","30.5","NA","NA","NA",0,"NA","NA",2024-06-07,"Wade","CoCoRaHS VT-FR-30",0,2024
"452","06/08/2024  ","20.3","NA","NA","NA",0,"NA","NA",2024-06-08,"Wade","CoCoRaHS VT-FR-30",0,2024
"453","06/09/2024  ","8.1","NA","NA","NA",0,"NA","NA",2024-06-09,"Wade","CoCoRaHS VT-FR-30",0,2024
"454","06/10/2024  ","10.7","NA","NA","NA",0,"NA","NA",2024-06-10,"Wade","CoCoRaHS VT-FR-30",0,2024
"455","06/11/2024  ","8.4","NA","NA","NA",0,"NA","NA",2024-06-11,"Wade","CoCoRaHS VT-FR-30",0,2024
"456","06/12/2024  ","0.5","NA","NA","NA",0,"NA","NA",2024-06-12,"Wade","CoCoRaHS VT-FR-30",0,2024
"457","06/14/2024  ","2.8","NA","NA","NA",0,"NA","NA",2024-06-14,"Wade","CoCoRaHS VT-FR-30",0,2024
"458","06/15/2024  ","0","0","NA","NA",0,"NA","NA",2024-06-15,"Wade","CoCoRaHS VT-FR-30",0,2024
"459","06/16/2024  ","0","0","NA","NA",0,"NA","NA",2024-06-16,"Wade","CoCoRaHS VT-FR-30",0,2024
"460","06/17/2024  ","0.8","NA","NA","NA",0,"NA","NA",2024-06-17,"Wade","CoCoRaHS VT-FR-30",0,2024
"461","06/18/2024  ","0","0","NA","NA",0,"NA","NA",2024-06-18,"Wade","CoCoRaHS VT-FR-30",0,2024
"462","06/19/2024  ","0","0","NA","NA",0,"NA","NA",2024-06-19,"Wade","CoCoRaHS VT-FR-30",0,2024
"463","06/20/2024  ","3","NA","NA","NA",0,"NA","NA",2024-06-20,"Wade","CoCoRaHS VT-FR-30",0,2024
"464","06/21/2024  ","29","NA","NA","NA",0,"NA","NA",2024-06-21,"Wade","CoCoRaHS VT-FR-30",0,2024
"465","06/22/2024  ","5.8","NA","NA","NA",0,"NA","NA",2024-06-22,"Wade","CoCoRaHS VT-FR-30",0,2024
"466","06/23/2024  ","4.1","NA","NA","NA",0,"NA","NA",2024-06-23,"Wade","CoCoRaHS VT-FR-30",0,2024
"467","06/24/2024  ","7.6","NA","NA","NA",0,"NA","NA",2024-06-24,"Wade","CoCoRaHS VT-FR-30",0,2024
"468","06/25/2024  ","4.1","NA","NA","NA",0,"NA","NA",2024-06-25,"Wade","CoCoRaHS VT-FR-30",0,2024
"469","06/26/2024  ","0.5","NA","NA","NA",0,"NA","NA",2024-06-26,"Wade","CoCoRaHS VT-FR-30",0,2024
"470","06/27/2024  ","13","NA","NA","NA",0,"NA","NA",2024-06-27,"Wade","CoCoRaHS VT-FR-30",0,2024
"471","06/28/2024  ","3.3","NA","NA","NA",0,"NA","NA",2024-06-28,"Wade","CoCoRaHS VT-FR-30",0,2024
"472","06/29/2024  ","0","0","NA","NA",0,"NA","NA",2024-06-29,"Wade","CoCoRaHS VT-FR-30",0,2024
"473","06/30/2024  ","9.7","NA","NA","NA",0,"NA","NA",2024-06-30,"Wade","CoCoRaHS VT-FR-30",0,2024
"474","07/01/2024  ","13.2","NA","NA","NA",0,"NA","NA",2024-07-01,"Wade","CoCoRaHS VT-FR-30",0,2024
"475","07/02/2024  ","0","0","NA","NA",0,"NA","NA",2024-07-02,"Wade","CoCoRaHS VT-FR-30",0,2024
"476","07/03/2024  ","0","0","NA","NA",0,"NA","NA",2024-07-03,"Wade","CoCoRaHS VT-FR-30",0,2024
"477","07/04/2024  ","3","NA","NA","NA",0,"NA","NA",2024-07-04,"Wade","CoCoRaHS VT-FR-30",0,2024
"478","07/05/2024  ","0","0","NA","NA",0,"NA","NA",2024-07-05,"Wade","CoCoRaHS VT-FR-30",0,2024
"479","07/06/2024  ","1.5","NA","NA","NA",0,"NA","NA",2024-07-06,"Wade","CoCoRaHS VT-FR-30",0,2024
"480","07/07/2024  ","2","NA","NA","NA",0,"NA","NA",2024-07-07,"Wade","CoCoRaHS VT-FR-30",0,2024
"481","07/08/2024  ","0","0","NA","NA",0,"NA","NA",2024-07-08,"Wade","CoCoRaHS VT-FR-30",0,2024
"482","07/09/2024  ","0","0","NA","NA",0,"NA","NA",2024-07-09,"Wade","CoCoRaHS VT-FR-30",0,2024
"483","07/11/2024  ","86.4","NA","NA","NA",0,"NA","NA",2024-07-11,"Wade","CoCoRaHS VT-FR-30",0,2024
"484","07/12/2024  ","2.8","NA","NA","NA",0,"NA","NA",2024-07-12,"Wade","CoCoRaHS VT-FR-30",0,2024
"485","07/13/2024  ","0.2","NA","NA","NA",0,"NA","NA",2024-07-13,"Wade","CoCoRaHS VT-FR-30",0,2024
"486","07/14/2024  ","T","NA","NA","NA",0,"NA","NA",2024-07-14,"Wade","CoCoRaHS VT-FR-30",0,2024
"487","07/15/2024  ","7.9","NA","NA","NA",0,"NA","NA",2024-07-15,"Wade","CoCoRaHS VT-FR-30",0,2024
"488","07/16/2024  ","27.9","NA","NA","NA",0,"NA","NA",2024-07-16,"Wade","CoCoRaHS VT-FR-30",0,2024
"489","07/17/2024  ","7.1","NA","NA","NA",0,"NA","NA",2024-07-17,"Wade","CoCoRaHS VT-FR-30",0,2024
"490","07/18/2024  ","0","0","NA","NA",0,"NA","NA",2024-07-18,"Wade","CoCoRaHS VT-FR-30",0,2024
"491","07/19/2024  ","0","0","NA","NA",0,"NA","NA",2024-07-19,"Wade","CoCoRaHS VT-FR-30",0,2024
"492","07/20/2024  ","0","0","NA","NA",0,"NA","NA",2024-07-20,"Wade","CoCoRaHS VT-FR-30",0,2024
"493","07/21/2024  ","4.8","NA","NA","NA",0,"NA","NA",2024-07-21,"Wade","CoCoRaHS VT-FR-30",0,2024
"494","07/22/2024  ","0","0","NA","NA",0,"NA","NA",2024-07-22,"Wade","CoCoRaHS VT-FR-30",0,2024
"495","07/23/2024  ","19","NA","NA","NA",0,"NA","NA",2024-07-23,"Wade","CoCoRaHS VT-FR-30",0,2024
"496","07/24/2024  ","1.3","NA","NA","NA",0,"NA","NA",2024-07-24,"Wade","CoCoRaHS VT-FR-30",0,2024
"497","07/25/2024  ","1.3","NA","NA","NA",0,"NA","NA",2024-07-25,"Wade","CoCoRaHS VT-FR-30",0,2024
"498","07/26/2024  ","5.6","NA","NA","NA",0,"NA","NA",2024-07-26,"Wade","CoCoRaHS VT-FR-30",0,2024
"499","07/27/2024  ","0","0","NA","NA",0,"NA","NA",2024-07-27,"Wade","CoCoRaHS VT-FR-30",0,2024
"500","07/28/2024  ","0","0","NA","NA",0,"NA","NA",2024-07-28,"Wade","CoCoRaHS VT-FR-30",0,2024
"501","07/29/2024  ","0","0","NA","NA",0,"NA","NA",2024-07-29,"Wade","CoCoRaHS VT-FR-30",0,2024
"502","07/30/2024  ","15.7","NA","NA","NA",0,"NA","NA",2024-07-30,"Wade","CoCoRaHS VT-FR-30",0,2024
"503","07/31/2024  ","8.1","NA","NA","NA",0,"NA","NA",2024-07-31,"Wade","CoCoRaHS VT-FR-30",0,2024
"504","08/01/2024  ","21.1","NA","NA","NA",0,"NA","NA",2024-08-01,"Wade","CoCoRaHS VT-FR-30",0,2024
"505","08/02/2024  ","0","0","NA","NA",0,"NA","NA",2024-08-02,"Wade","CoCoRaHS VT-FR-30",0,2024
"506","08/03/2024  ","0.5","NA","NA","NA",0,"NA","NA",2024-08-03,"Wade","CoCoRaHS VT-FR-30",0,2024
"507","08/04/2024  ","0","0","NA","NA",0,"NA","NA",2024-08-04,"Wade","CoCoRaHS VT-FR-30",0,2024
"508","08/05/2024  ","5.6","NA","NA","NA",0,"NA","NA",2024-08-05,"Wade","CoCoRaHS VT-FR-30",0,2024
"509","08/06/2024  ","5.3","NA","NA","NA",0,"NA","NA",2024-08-06,"Wade","CoCoRaHS VT-FR-30",0,2024
"510","08/07/2024  ","0","0","NA","NA",0,"NA","NA",2024-08-07,"Wade","CoCoRaHS VT-FR-30",0,2024
"511","08/08/2024  ","0","0","NA","NA",0,"NA","NA",2024-08-08,"Wade","CoCoRaHS VT-FR-30",0,2024
"512","08/09/2024  ","28.7","NA","NA","NA",0,"NA","NA",2024-08-09,"Wade","CoCoRaHS VT-FR-30",0,2024
"513","08/11/2024  ","0","0","NA","NA",0,"NA","NA",2024-08-11,"Wade","CoCoRaHS VT-FR-30",0,2024
"514","08/12/2024  ","9.4","NA","NA","NA",0,"NA","NA",2024-08-12,"Wade","CoCoRaHS VT-FR-30",0,2024
"515","08/13/2024  ","3.6","NA","NA","NA",0,"NA","NA",2024-08-13,"Wade","CoCoRaHS VT-FR-30",0,2024
"516","08/14/2024  ","0.2","NA","NA","NA",0,"NA","NA",2024-08-14,"Wade","CoCoRaHS VT-FR-30",0,2024
"517","08/15/2024  ","2.3","NA","NA","NA",0,"NA","NA",2024-08-15,"Wade","CoCoRaHS VT-FR-30",0,2024
"518","08/16/2024  ","0","0","NA","NA",0,"NA","NA",2024-08-16,"Wade","CoCoRaHS VT-FR-30",0,2024
"519","08/17/2024  ","0.2","NA","NA","NA",0,"NA","NA",2024-08-17,"Wade","CoCoRaHS VT-FR-30",0,2024
"520","08/18/2024  ","0.5","NA","NA","NA",0,"NA","NA",2024-08-18,"Wade","CoCoRaHS VT-FR-30",0,2024
"521","08/19/2024  ","1","NA","NA","NA",0,"NA","NA",2024-08-19,"Wade","CoCoRaHS VT-FR-30",0,2024
"522","08/20/2024  ","27.4","NA","NA","NA",0,"NA","NA",2024-08-20,"Wade","CoCoRaHS VT-FR-30",0,2024
"523","08/21/2024  ","10.9","NA","NA","NA",0,"NA","NA",2024-08-21,"Wade","CoCoRaHS VT-FR-30",0,2024
"524","08/22/2024  ","26.2","NA","NA","NA",0,"NA","NA",2024-08-22,"Wade","CoCoRaHS VT-FR-30",0,2024
"525","08/23/2024  ","2","NA","NA","NA",0,"NA","NA",2024-08-23,"Wade","CoCoRaHS VT-FR-30",0,2024
"526","08/24/2024  ","0.2","NA","NA","NA",0,"NA","NA",2024-08-24,"Wade","CoCoRaHS VT-FR-30",0,2024
"527","08/25/2024  ","0","0","NA","NA",0,"NA","NA",2024-08-25,"Wade","CoCoRaHS VT-FR-30",0,2024
"528","08/26/2024  ","0","0","NA","NA",0,"NA","NA",2024-08-26,"Wade","CoCoRaHS VT-FR-30",0,2024
"529","08/27/2024  ","0","0","NA","NA",0,"NA","NA",2024-08-27,"Wade","CoCoRaHS VT-FR-30",0,2024
"530","08/28/2024  ","18","NA","NA","NA",0,"NA","NA",2024-08-28,"Wade","CoCoRaHS VT-FR-30",0,2024
"531","08/29/2024  ","0.5","NA","NA","NA",0,"NA","NA",2024-08-29,"Wade","CoCoRaHS VT-FR-30",0,2024
"532","08/30/2024  ","0.2","NA","NA","NA",0,"NA","NA",2024-08-30,"Wade","CoCoRaHS VT-FR-30",0,2024
"533","08/31/2024  ","0","0","NA","NA",0,"NA","NA",2024-08-31,"Wade","CoCoRaHS VT-FR-30",0,2024
"534","09/01/2024  ","5.3","NA","NA","NA",0,"NA","NA",2024-09-01,"Wade","CoCoRaHS VT-FR-30",0,2024
"535","09/02/2024  ","8.1","NA","NA","NA",0,"NA","NA",2024-09-02,"Wade","CoCoRaHS VT-FR-30",0,2024
"536","09/03/2024  ","0","0","NA","NA",0,"NA","NA",2024-09-03,"Wade","CoCoRaHS VT-FR-30",0,2024
"537","09/04/2024  ","0","0","NA","NA",0,"NA","NA",2024-09-04,"Wade","CoCoRaHS VT-FR-30",0,2024
"538","09/05/2024  ","0","0","NA","NA",0,"NA","NA",2024-09-05,"Wade","CoCoRaHS VT-FR-30",0,2024
"539","09/06/2024  ","0","0","NA","NA",0,"NA","NA",2024-09-06,"Wade","CoCoRaHS VT-FR-30",0,2024
"540","09/07/2024  ","0","0","NA","NA",0,"NA","NA",2024-09-07,"Wade","CoCoRaHS VT-FR-30",0,2024
"541","09/08/2024  ","14","NA","NA","NA",0,"NA","NA",2024-09-08,"Wade","CoCoRaHS VT-FR-30",0,2024
"542","09/09/2024  ","0.5","NA","NA","NA",0,"NA","NA",2024-09-09,"Wade","CoCoRaHS VT-FR-30",0,2024
"543","09/10/2024  ","T","NA","NA","NA",0,"NA","NA",2024-09-10,"Wade","CoCoRaHS VT-FR-30",0,2024
"544","09/11/2024  ","0","0","NA","NA",0,"NA","NA",2024-09-11,"Wade","CoCoRaHS VT-FR-30",0,2024
"545","09/12/2024  ","0","0","NA","NA",0,"NA","NA",2024-09-12,"Wade","CoCoRaHS VT-FR-30",0,2024
"546","09/13/2024  ","0","0","NA","NA",0,"NA","NA",2024-09-13,"Wade","CoCoRaHS VT-FR-30",0,2024
"547","09/14/2024  ","0","0","NA","NA",0,"NA","NA",2024-09-14,"Wade","CoCoRaHS VT-FR-30",0,2024
"548","09/15/2024  ","0","0","NA","NA",0,"NA","NA",2024-09-15,"Wade","CoCoRaHS VT-FR-30",0,2024
"549","09/16/2024  ","0","0","NA","NA",0,"NA","NA",2024-09-16,"Wade","CoCoRaHS VT-FR-30",0,2024
"550","09/17/2024  ","0","0","NA","NA",0,"NA","NA",2024-09-17,"Wade","CoCoRaHS VT-FR-30",0,2024
"551","09/18/2024  ","0","0","NA","NA",0,"NA","NA",2024-09-18,"Wade","CoCoRaHS VT-FR-30",0,2024
"552","09/19/2024  ","0","0","NA","NA",0,"NA","NA",2024-09-19,"Wade","CoCoRaHS VT-FR-30",0,2024
"553","09/20/2024  ","0","0","NA","NA",0,"NA","NA",2024-09-20,"Wade","CoCoRaHS VT-FR-30",0,2024
"554","09/21/2024  ","0.2","NA","NA","NA",0,"NA","NA",2024-09-21,"Wade","CoCoRaHS VT-FR-30",0,2024
"555","09/22/2024  ","0","0","NA","NA",0,"NA","NA",2024-09-22,"Wade","CoCoRaHS VT-FR-30",0,2024
"556","09/23/2024  ","0","0","NA","NA",0,"NA","NA",2024-09-23,"Wade","CoCoRaHS VT-FR-30",0,2024
"557","09/24/2024  ","0","0","NA","NA",0,"NA","NA",2024-09-24,"Wade","CoCoRaHS VT-FR-30",0,2024
"558","09/25/2024  ","6.1","NA","NA","NA",0,"NA","NA",2024-09-25,"Wade","CoCoRaHS VT-FR-30",0,2024
"559","09/26/2024  ","26.9","NA","NA","NA",0,"NA","NA",2024-09-26,"Wade","CoCoRaHS VT-FR-30",0,2024
"560","09/27/2024  ","15.5","NA","NA","NA",0,"NA","NA",2024-09-27,"Wade","CoCoRaHS VT-FR-30",0,2024
"561","09/28/2024  ","0","0","NA","NA",0,"NA","NA",2024-09-28,"Wade","CoCoRaHS VT-FR-30",0,2024
"562","09/29/2024  ","0","0","NA","NA",0,"NA","NA",2024-09-29,"Wade","CoCoRaHS VT-FR-30",0,2024
"563","09/30/2024  ","0","0","NA","NA",0,"NA","NA",2024-09-30,"Wade","CoCoRaHS VT-FR-30",0,2024
"564","10/01/2024  ","0","0","NA","NA",0,"NA","NA",2024-10-01,"Wade","CoCoRaHS VT-FR-30",0,2025
"565","10/02/2024  ","0","0","NA","NA",0,"NA","NA",2024-10-02,"Wade","CoCoRaHS VT-FR-30",0,2025
"566","10/03/2024  ","3.3","NA","NA","NA",0,"NA","NA",2024-10-03,"Wade","CoCoRaHS VT-FR-30",0,2025
"567","10/04/2024  ","0","0","NA","NA",0,"NA","NA",2024-10-04,"Wade","CoCoRaHS VT-FR-30",0,2025
"568","10/05/2024  ","10.7","NA","NA","NA",0,"NA","NA",2024-10-05,"Wade","CoCoRaHS VT-FR-30",0,2025
"569","10/06/2024  ","0","0","NA","NA",0,"NA","NA",2024-10-06,"Wade","CoCoRaHS VT-FR-30",0,2025
"570","10/07/2024  ","5.8","NA","NA","NA",0,"NA","NA",2024-10-07,"Wade","CoCoRaHS VT-FR-30",0,2025
"571","10/08/2024  ","3.6","NA","NA","NA",0,"NA","NA",2024-10-08,"Wade","CoCoRaHS VT-FR-30",0,2025
"572","10/09/2024  ","4.3","NA","NA","NA",0,"NA","NA",2024-10-09,"Wade","CoCoRaHS VT-FR-30",0,2025
"573","10/10/2024  ","0.2","NA","NA","NA",0,"NA","NA",2024-10-10,"Wade","CoCoRaHS VT-FR-30",0,2025
"574","10/11/2024  ","0.8","NA","NA","NA",0,"NA","NA",2024-10-11,"Wade","CoCoRaHS VT-FR-30",0,2025
"575","10/12/2024  ","2.5","NA","NA","NA",0,"NA","NA",2024-10-12,"Wade","CoCoRaHS VT-FR-30",0,2025
"576","10/13/2024  ","0","0","NA","NA",0,"NA","NA",2024-10-13,"Wade","CoCoRaHS VT-FR-30",0,2025
"577","10/14/2024  ","3.3","NA","NA","NA",0,"NA","NA",2024-10-14,"Wade","CoCoRaHS VT-FR-30",0,2025
"578","10/15/2024  ","13.5","NA","NA","NA",0,"NA","NA",2024-10-15,"Wade","CoCoRaHS VT-FR-30",0,2025
"579","10/16/2024  ","0","0","NA","NA",0,"NA","NA",2024-10-16,"Wade","CoCoRaHS VT-FR-30",0,2025
"580","10/17/2024  ","0","0","NA","NA",0,"NA","NA",2024-10-17,"Wade","CoCoRaHS VT-FR-30",0,2025
"581","10/18/2024  ","0","0","NA","NA",0,"NA","NA",2024-10-18,"Wade","CoCoRaHS VT-FR-30",0,2025
"582","10/19/2024  ","0","0","NA","NA",0,"NA","NA",2024-10-19,"Wade","CoCoRaHS VT-FR-30",0,2025
"583","10/20/2024  ","0","0","NA","NA",0,"NA","NA",2024-10-20,"Wade","CoCoRaHS VT-FR-30",0,2025
"584","10/21/2024  ","0","0","NA","NA",0,"NA","NA",2024-10-21,"Wade","CoCoRaHS VT-FR-30",0,2025
"585","10/22/2024  ","0","0","NA","NA",0,"NA","NA",2024-10-22,"Wade","CoCoRaHS VT-FR-30",0,2025
"586","10/23/2024  ","0","0","NA","NA",0,"NA","NA",2024-10-23,"Wade","CoCoRaHS VT-FR-30",0,2025
"587","10/24/2024  ","3","NA","NA","NA",0,"NA","NA",2024-10-24,"Wade","CoCoRaHS VT-FR-30",0,2025
"588","10/25/2024  ","0","0","NA","NA",0,"NA","NA",2024-10-25,"Wade","CoCoRaHS VT-FR-30",0,2025
"589","10/26/2024  ","0.5","NA","NA","NA",0,"NA","NA",2024-10-26,"Wade","CoCoRaHS VT-FR-30",0,2025
"590","10/27/2024  ","1.3","NA","NA","NA",0,"NA","NA",2024-10-27,"Wade","CoCoRaHS VT-FR-30",0,2025
"591","10/28/2024  ","T","NA","NA","NA",0,"NA","NA",2024-10-28,"Wade","CoCoRaHS VT-FR-30",0,2025
"592","10/29/2024  ","0","0","NA","NA",0,"NA","NA",2024-10-29,"Wade","CoCoRaHS VT-FR-30",0,2025
"593","10/30/2024  ","7.6","NA","NA","NA",0,"NA","NA",2024-10-30,"Wade","CoCoRaHS VT-FR-30",0,2025
"594","10/31/2024  ","T","NA","NA","NA",0,"NA","NA",2024-10-31,"Wade","CoCoRaHS VT-FR-30",0,2025
"595","11/01/2024  ","10.2","NA","NA","NA",0,"NA","NA",2024-11-01,"Wade","CoCoRaHS VT-FR-30",0,2025
"596","11/02/2024  ","4.6","NA","NA","NA",0,"NA","NA",2024-11-02,"Wade","CoCoRaHS VT-FR-30",0,2025
"597","11/03/2024  ","0","0","NA","NA",0,"NA","NA",2024-11-03,"Wade","CoCoRaHS VT-FR-30",0,2025
"598","11/04/2024  ","0","0","NA","NA",0,"NA","NA",2024-11-04,"Wade","CoCoRaHS VT-FR-30",0,2025
"599","11/05/2024  ","4.3","NA","NA","NA",0,"NA","NA",2024-11-05,"Wade","CoCoRaHS VT-FR-30",0,2025
"600","11/06/2024  ","0.2","NA","NA","NA",0,"NA","NA",2024-11-06,"Wade","CoCoRaHS VT-FR-30",0,2025
"601","11/07/2024  ","2","NA","NA","NA",0,"NA","NA",2024-11-07,"Wade","CoCoRaHS VT-FR-30",0,2025
"602","11/08/2024  ","0.8","NA","NA","NA",0,"NA","NA",2024-11-08,"Wade","CoCoRaHS VT-FR-30",0,2025
"603","11/09/2024  ","2.3","NA","NA","NA",0,"NA","NA",2024-11-09,"Wade","CoCoRaHS VT-FR-30",0,2025
"604","11/10/2024  ","0","0","NA","NA",0,"NA","NA",2024-11-10,"Wade","CoCoRaHS VT-FR-30",0,2025
"605","11/11/2024  ","3.6","NA","NA","NA",0,"NA","NA",2024-11-11,"Wade","CoCoRaHS VT-FR-30",0,2025
"606","11/12/2024  ","10.2","NA","NA","NA",0,"NA","NA",2024-11-12,"Wade","CoCoRaHS VT-FR-30",0,2025
"607","11/13/2024  ","0","0","NA","NA",0,"NA","NA",2024-11-13,"Wade","CoCoRaHS VT-FR-30",0,2025
"608","11/14/2024  ","0","0","NA","NA",0,"NA","NA",2024-11-14,"Wade","CoCoRaHS VT-FR-30",0,2025
"609","11/15/2024  ","0","0","NA","NA",0,"NA","NA",2024-11-15,"Wade","CoCoRaHS VT-FR-30",0,2025
"610","11/16/2024  ","0","0","NA","NA",0,"NA","NA",2024-11-16,"Wade","CoCoRaHS VT-FR-30",0,2025
"611","11/17/2024  ","0","0","NA","NA",0,"NA","NA",2024-11-17,"Wade","CoCoRaHS VT-FR-30",0,2025
"612","11/18/2024  ","0.5","NA","NA","NA",0,"NA","NA",2024-11-18,"Wade","CoCoRaHS VT-FR-30",0,2025
"613","11/19/2024  ","0.8","NA","NA","NA",0,"NA","NA",2024-11-19,"Wade","CoCoRaHS VT-FR-30",0,2025
"614","11/20/2024  ","0","0","NA","NA",0,"NA","NA",2024-11-20,"Wade","CoCoRaHS VT-FR-30",0,2025
"615","11/21/2024  ","0","0","NA","NA",0,"NA","NA",2024-11-21,"Wade","CoCoRaHS VT-FR-30",0,2025
"616","11/22/2024  ","T","NA","NA","NA",0,"NA","NA",2024-11-22,"Wade","CoCoRaHS VT-FR-30",0,2025
"617","11/23/2024  ","3.3","NA","NA","NA",0,"NA","NA",2024-11-23,"Wade","CoCoRaHS VT-FR-30",0,2025
"618","11/24/2024  ","16","T","NA","NA",0,"NA","NA",2024-11-24,"Wade","CoCoRaHS VT-FR-30",0,2025
"619","11/25/2024  ","T","T","NA","NA",0,"NA","NA",2024-11-25,"Wade","CoCoRaHS VT-FR-30",0,2025
"620","11/26/2024  ","0","0","NA","NA",0,"NA","NA",2024-11-26,"Wade","CoCoRaHS VT-FR-30",0,2025
"621","11/27/2024  ","10.4","T","NA","NA",0,"NA","NA",2024-11-27,"Wade","CoCoRaHS VT-FR-30",0,2025
"622","11/28/2024  ","0","0","NA","NA",0,"NA","NA",2024-11-28,"Wade","CoCoRaHS VT-FR-30",0,2025
"623","11/29/2024  ","12.4","3.8","7.1","5.4 : 1",4.1,"NA","NA",2024-11-29,"Wade","CoCoRaHS VT-FR-30",4.1,2025
"624","11/30/2024  ","1.8","3.3","1.8","18.6 : 1",6.4,"NA","NA",2024-11-30,"Wade","CoCoRaHS VT-FR-30",6.4,2025
"625","12/01/2024  ","3","5.1","3","16.7 : 1",10.2,"NA","NA",2024-12-01,"Wade","CoCoRaHS VT-FR-30",10.2,2025
"626","12/02/2024  ","3","7.1","3","23.3 : 1",16.5,"NA","NA",2024-12-02,"Wade","CoCoRaHS VT-FR-30",16.5,2025
"627","12/03/2024  ","2.5","5.8","2.5","23 : 1",19,"NA","NA",2024-12-03,"Wade","CoCoRaHS VT-FR-30",19,2025
"628","12/04/2024  ","T","T","T","NA",17.8,"NA","NA",2024-12-04,"Wade","CoCoRaHS VT-FR-30",17.8,2025
"629","12/05/2024  ","2.8","5.1","2.8","18.2 : 1",20.3,"NA","NA",2024-12-05,"Wade","CoCoRaHS VT-FR-30",20.3,2025
"630","12/06/2024  ","15.5","20.3","15.5","13.1 : 1",36.8,"NA","NA",2024-12-06,"Wade","CoCoRaHS VT-FR-30",36.8,2025
"631","12/07/2024  ","2.5","8.9","2.5","35 : 1",38.1,"NA","NA",2024-12-07,"Wade","CoCoRaHS VT-FR-30",38.1,2025
"632","12/08/2024  ","3","5.1","3","16.7 : 1",38.1,"NA","NA",2024-12-08,"Wade","CoCoRaHS VT-FR-30",38.1,2025
"633","12/09/2024  ","T","T","NA","NA",38.1,"NA","NA",2024-12-09,"Wade","CoCoRaHS VT-FR-30",38.1,2025
"634","12/10/2024  ","3.3","2.5","3.3","7.7 : 1",31.8,"NA","NA",2024-12-10,"Wade","CoCoRaHS VT-FR-30",31.8,2025
"635","12/11/2024  ","2","NA","NA","NA",22.9,"NA","NA",2024-12-11,"Wade","CoCoRaHS VT-FR-30",22.9,2025
"636","12/12/2024  ","23.6","3","5.1","6 : 1",12.7,"NA","NA",2024-12-12,"Wade","CoCoRaHS VT-FR-30",12.7,2025
"637","12/13/2024  ","1","2","1","20 : 1",5.1,"NA","NA",2024-12-13,"Wade","CoCoRaHS VT-FR-30",5.1,2025
"638","12/14/2024  ","T","T","T","NA",5.1,"NA","NA",2024-12-14,"Wade","CoCoRaHS VT-FR-30",5.1,2025
"639","12/15/2024  ","T","T","T","NA",5.1,"NA","NA",2024-12-15,"Wade","CoCoRaHS VT-FR-30",5.1,2025
"640","12/17/2024  ","4.1","NA","NA","NA",5.1,"NA","NA",2024-12-17,"Wade","CoCoRaHS VT-FR-30",5.1,2025
"641","12/18/2024  ","0.8","NA","NA","NA",0,"NA","NA",2024-12-18,"Wade","CoCoRaHS VT-FR-30",0,2025
"642","12/19/2024  ","11.9","7.6","10.2","7.5 : 1",7.6,"NA","NA",2024-12-19,"Wade","CoCoRaHS VT-FR-30",7.6,2025
"643","12/20/2024  ","1.8","1.3","0.2","50 : 1",8.9,"NA","NA",2024-12-20,"Wade","CoCoRaHS VT-FR-30",8.9,2025
"644","12/21/2024  ","2.5","3.8","2.5","15 : 1",12.7,"NA","NA",2024-12-21,"Wade","CoCoRaHS VT-FR-30",12.7,2025
"645","12/22/2024  ","0.5","0.5","0.5","10 : 1",12.7,"NA","NA",2024-12-22,"Wade","CoCoRaHS VT-FR-30",12.7,2025
"646","12/23/2024  ","0","0","NA","NA",12.7,"NA","NA",2024-12-23,"Wade","CoCoRaHS VT-FR-30",12.7,2025
"647","12/24/2024  ","8.9","12.7","8.9","14.3 : 1",25.4,"NA","NA",2024-12-24,"Wade","CoCoRaHS VT-FR-30",25.4,2025
"648","12/25/2024  ","2","1.3","2","6.2 : 1",26.7,"NA","NA",2024-12-25,"Wade","CoCoRaHS VT-FR-30",26.7,2025
"649","12/26/2024  ","T","T","T","NA",25.4,"NA","NA",2024-12-26,"Wade","CoCoRaHS VT-FR-30",25.4,2025
"650","12/27/2024  ","0","0","NA","NA",25.4,"NA","NA",2024-12-27,"Wade","CoCoRaHS VT-FR-30",25.4,2025
"651","12/28/2024  ","0","0","NA","NA",25.4,"NA","NA",2024-12-28,"Wade","CoCoRaHS VT-FR-30",25.4,2025
"652","12/29/2024  ","0","0","NA","NA",14,"NA","NA",2024-12-29,"Wade","CoCoRaHS VT-FR-30",14,2025
"653","12/30/2024  ","3","0","NA","NA",0,"NA","NA",2024-12-30,"Wade","CoCoRaHS VT-FR-30",0,2025
"654","12/31/2024  ","2.5","NA","NA","NA",0,"NA","NA",2024-12-31,"Wade","CoCoRaHS VT-FR-30",0,2025
"655","01/01/2025  ","2.3","NA","NA","NA",0,"NA","NA",2025-01-01,"Wade","CoCoRaHS VT-FR-30",0,2025
"656","01/02/2025  ","15.2","17.8","15.2","11.7 : 1",17.8,"NA","NA",2025-01-02,"Wade","CoCoRaHS VT-FR-30",17.8,2025
"657","01/03/2025  ","5.1","12.7","5.1","25 : 1",39.4,"NA","NA",2025-01-03,"Wade","CoCoRaHS VT-FR-30",39.4,2025
"658","01/04/2025  ","0.5","5.1","5.1","10 : 1",43.2,"NA","NA",2025-01-04,"Wade","CoCoRaHS VT-FR-30",43.2,2025
"659","01/05/2025  ","3.3","5.6","3.3","16.9 : 1",48.3,"NA","NA",2025-01-05,"Wade","CoCoRaHS VT-FR-30",48.3,2025
"660","01/06/2025  ","0","0","NA","NA",48.3,"NA","NA",2025-01-06,"Wade","CoCoRaHS VT-FR-30",48.3,2025
"661","01/07/2025  ","2","8.9","2","43.8 : 1",55.9,"NA","NA",2025-01-07,"Wade","CoCoRaHS VT-FR-30",55.9,2025
"662","01/08/2025  ","2.3","10.2","2.3","44.4 : 1",61,"NA","NA",2025-01-08,"Wade","CoCoRaHS VT-FR-30",61,2025
"663","01/09/2025  ","2.5","3.8","2.5","15 : 1",55.9,"NA","NA",2025-01-09,"Wade","CoCoRaHS VT-FR-30",55.9,2025
"664","01/10/2025  ","5.8","20.3","5.8","34.8 : 1",0,"NA","NA",2025-01-10,"Wade","CoCoRaHS VT-FR-30",0,2025
"665","01/11/2025  ","T","T","T","NA",55.9,"NA","NA",2025-01-11,"Wade","CoCoRaHS VT-FR-30",55.9,2025
"666","01/12/2025  ","2.8","3.8","2.8","13.6 : 1",0,"NA","NA",2025-01-12,"Wade","CoCoRaHS VT-FR-30",0,2025
"667","01/13/2025  ","T","T","T","NA",48.3,"NA","NA",2025-01-13,"Wade","CoCoRaHS VT-FR-30",48.3,2025
"668","01/14/2025  ","4.1","15.2","4.1","37.5 : 1",45.7,"NA","NA",2025-01-14,"Wade","CoCoRaHS VT-FR-30",45.7,2025
"669","01/15/2025  ","5.1","20.3","5.1","40 : 1",53.3,"NA","NA",2025-01-15,"Wade","CoCoRaHS VT-FR-30",53.3,2025
"670","01/16/2025  ","1","5.1","1","50 : 1",50.8,"NA","NA",2025-01-16,"Wade","CoCoRaHS VT-FR-30",50.8,2025
"671","01/17/2025  ","T","T","T","NA",50.8,"NA","NA",2025-01-17,"Wade","CoCoRaHS VT-FR-30",50.8,2025
"672","01/18/2025  ","0","0","NA","NA",45.7,"NA","NA",2025-01-18,"Wade","CoCoRaHS VT-FR-30",45.7,2025
"673","01/19/2025  ","T","T","T","NA",40.6,"NA","NA",2025-01-19,"Wade","CoCoRaHS VT-FR-30",40.6,2025
"674","01/20/2025  ","3","6.4","3","20.8 : 1",40.6,"NA","NA",2025-01-20,"Wade","CoCoRaHS VT-FR-30",40.6,2025
"675","01/21/2025  ","T","T","T","NA",40.6,"NA","NA",2025-01-21,"Wade","CoCoRaHS VT-FR-30",40.6,2025
"676","01/22/2025  ","0","0","0","NA",40.6,"NA","NA",2025-01-22,"Wade","CoCoRaHS VT-FR-30",40.6,2025
"677","01/23/2025  ","T","T","T","NA",40.6,"NA","NA",2025-01-23,"Wade","CoCoRaHS VT-FR-30",40.6,2025
"678","01/24/2025  ","1.3","5.1","1.3","40 : 1",45.7,"NA","NA",2025-01-24,"Wade","CoCoRaHS VT-FR-30",45.7,2025
"679","01/25/2025  ","0","0","NA","NA",45.7,"NA","NA",2025-01-25,"Wade","CoCoRaHS VT-FR-30",45.7,2025
"680","01/26/2025  ","T","T","T","NA",45.7,"NA","NA",2025-01-26,"Wade","CoCoRaHS VT-FR-30",45.7,2025
"681","01/27/2025  ","T","T","T","NA",45.7,"NA","NA",2025-01-27,"Wade","CoCoRaHS VT-FR-30",45.7,2025
"682","01/28/2025  ","2","7.6","2","37.5 : 1",50.8,"NA","NA",2025-01-28,"Wade","CoCoRaHS VT-FR-30",50.8,2025
"683","01/29/2025  ","1.8","2.5","1.8","14.3 : 1",50.8,"NA","NA",2025-01-29,"Wade","CoCoRaHS VT-FR-30",50.8,2025
"684","01/30/2025  ","7.1","17.8","7.1","25 : 1",55.9,"NA","NA",2025-01-30,"Wade","CoCoRaHS VT-FR-30",55.9,2025
"685","01/31/2025  ","T","T","T","NA",53.3,"NA","NA",2025-01-31,"Wade","CoCoRaHS VT-FR-30",53.3,2025
"686","02/01/2025  ","T","T","T","NA",48.3,"NA","NA",2025-02-01,"Wade","CoCoRaHS VT-FR-30",48.3,2025
"687","02/02/2025  ","T","T","T","NA",48.3,"NA","NA",2025-02-02,"Wade","CoCoRaHS VT-FR-30",48.3,2025
"688","02/03/2025  ","0.8","1.3","0.8","16.7 : 1",43.2,"NA","NA",2025-02-03,"Wade","CoCoRaHS VT-FR-30",43.2,2025
"689","02/04/2025  ","12.7","14.7","12.7","11.6 : 1",50.8,"NA","NA",2025-02-04,"Wade","CoCoRaHS VT-FR-30",50.8,2025
"690","02/05/2025  ","2.3","4.3","2.3","18.9 : 1",53.3,"NA","NA",2025-02-05,"Wade","CoCoRaHS VT-FR-30",53.3,2025
"691","02/06/2025  ","T","T","T","NA",53.3,"NA","NA",2025-02-06,"Wade","CoCoRaHS VT-FR-30",53.3,2025
"692","02/07/2025  ","11.4","11.4","11.4","10 : 1",58.4,"NA","NA",2025-02-07,"Wade","CoCoRaHS VT-FR-30",58.4,2025
"693","02/08/2025  ","0.8","2.5","0.8","33.3 : 1",58.4,"NA","NA",2025-02-08,"Wade","CoCoRaHS VT-FR-30",58.4,2025
"694","02/09/2025  ","2.5","2.5","2.5","10 : 1",61,"NA","NA",2025-02-09,"Wade","CoCoRaHS VT-FR-30",61,2025
"695","02/10/2025  ","1","4.6","1","45 : 1",63.5,"NA","NA",2025-02-10,"Wade","CoCoRaHS VT-FR-30",63.5,2025
"696","02/11/2025  ","0","0","NA","NA",63.5,"NA","NA",2025-02-11,"Wade","CoCoRaHS VT-FR-30",63.5,2025
"697","02/12/2025  ","2","3.8","2","18.8 : 1",66,"NA","NA",2025-02-12,"Wade","CoCoRaHS VT-FR-30",66,2025
"698","02/13/2025  ","2","2.5","2","12.5 : 1",68.6,"NA","NA",2025-02-13,"Wade","CoCoRaHS VT-FR-30",68.6,2025
"699","02/14/2025  ","10.2","7.6","10.2","7.5 : 1",76.2,"NA","NA",2025-02-14,"Wade","CoCoRaHS VT-FR-30",76.2,2025
"700","02/15/2025  ","T","T","T","NA",68.6,"NA","NA",2025-02-15,"Wade","CoCoRaHS VT-FR-30",68.6,2025
"701","02/16/2025  ","1","4.6","1","45 : 1",58.4,"NA","NA",2025-02-16,"Wade","CoCoRaHS VT-FR-30",58.4,2025
"702","02/17/2025  ","20.1","17.8","20.1","8.9 : 1",81.3,"NA","NA",2025-02-17,"Wade","CoCoRaHS VT-FR-30",81.3,2025
"703","02/18/2025  ","T","T","T","NA",81.3,"NA","NA",2025-02-18,"Wade","CoCoRaHS VT-FR-30",81.3,2025
"704","02/19/2025  ","T","T","T","NA",81.3,"NA","NA",2025-02-19,"Wade","CoCoRaHS VT-FR-30",81.3,2025
"705","02/20/2025  ","0","0","0","NA",81.3,"NA","NA",2025-02-20,"Wade","CoCoRaHS VT-FR-30",81.3,2025
"706","02/21/2025  ","1.5","15.2","1.5","100 : 1",91.4,"NA","NA",2025-02-21,"Wade","CoCoRaHS VT-FR-30",91.4,2025
"707","02/22/2025  ","T","T","T","NA",86.4,"NA","NA",2025-02-22,"Wade","CoCoRaHS VT-FR-30",86.4,2025
"708","02/23/2025  ","4.3","11.4","4.3","26.5 : 1",91.4,"NA","NA",2025-02-23,"Wade","CoCoRaHS VT-FR-30",91.4,2025
"709","02/24/2025  ","0.8","2","0.8","26.7 : 1",91.4,"NA","NA",2025-02-24,"Wade","CoCoRaHS VT-FR-30",91.4,2025
"710","02/25/2025  ","0","0","0","NA",81.3,"NA","NA",2025-02-25,"Wade","CoCoRaHS VT-FR-30",81.3,2025
"711","02/26/2025  ","T","T","T","NA",71.1,"NA","NA",2025-02-26,"Wade","CoCoRaHS VT-FR-30",71.1,2025
"712","02/27/2025  ","1","1.3","1","12.5 : 1",66,"NA","NA",2025-02-27,"Wade","CoCoRaHS VT-FR-30",66,2025
"713","02/28/2025  ","3.6","4.6","3.6","12.9 : 1",68.6,"NA","NA",2025-02-28,"Wade","CoCoRaHS VT-FR-30",68.6,2025
"714","03/01/2025  ","1","1.3","1","12.5 : 1",68.6,"NA","NA",2025-03-01,"Wade","CoCoRaHS VT-FR-30",68.6,2025
"715","03/02/2025  ","2","2.5","2","12.5 : 1",0,"NA","NA",2025-03-02,"Wade","CoCoRaHS VT-FR-30",0,2025
"716","03/04/2025  ","0","0","0","NA",66,"NA","NA",2025-03-04,"Wade","CoCoRaHS VT-FR-30",66,2025
"717","03/06/2025  ","16.5","NA","NA","NA",0,"NA","NA",2025-03-06,"Wade","CoCoRaHS VT-FR-30",0,2025
"718","03/07/2025  ","2","NA","NA","NA",61,"NA","NA",2025-03-07,"Wade","CoCoRaHS VT-FR-30",61,2025
"719","03/08/2025  ","T","T","T","NA",61,"NA","NA",2025-03-08,"Wade","CoCoRaHS VT-FR-30",61,2025
"720","03/09/2025  ","T","T","T","NA",61,"NA","NA",2025-03-09,"Wade","CoCoRaHS VT-FR-30",61,2025
"721","03/10/2025  ","5.1","7.6","5.1","15 : 1",66,"NA","NA",2025-03-10,"Wade","CoCoRaHS VT-FR-30",66,2025
"722","03/11/2025  ","0","0","0","NA",61,"NA","NA",2025-03-11,"Wade","CoCoRaHS VT-FR-30",61,2025
"723","03/12/2025  ","0","0","0","NA",38.1,"NA","NA",2025-03-12,"Wade","CoCoRaHS VT-FR-30",38.1,2025
"724","03/13/2025  ","0","0","NA","NA",33,"NA","NA",2025-03-13,"Wade","CoCoRaHS VT-FR-30",33,2025
"725","03/14/2025  ","0","0","NA","NA",31.8,"NA","NA",2025-03-14,"Wade","CoCoRaHS VT-FR-30",31.8,2025
"726","03/15/2025  ","0","0","0","NA",31.8,"NA","NA",2025-03-15,"Wade","CoCoRaHS VT-FR-30",31.8,2025
"727","03/16/2025  ","0","0","NA","NA",24.1,"NA","NA",2025-03-16,"Wade","CoCoRaHS VT-FR-30",24.1,2025
"728","03/17/2025  ","9.4","NA","NA","NA",11.4,"NA","NA",2025-03-17,"Wade","CoCoRaHS VT-FR-30",11.4,2025
"729","03/18/2025  ","2.8","T","T","NA",11.4,"NA","NA",2025-03-18,"Wade","CoCoRaHS VT-FR-30",11.4,2025
"730","03/19/2025  ","0","0","NA","NA",8.9,"NA","NA",2025-03-19,"Wade","CoCoRaHS VT-FR-30",8.9,2025
"731","03/20/2025  ","0","0","NA","NA",8.9,"NA","NA",2025-03-20,"Wade","CoCoRaHS VT-FR-30",8.9,2025
"732","03/21/2025  ","8.9","2.5","1","25 : 1",10.2,"NA","NA",2025-03-21,"Wade","CoCoRaHS VT-FR-30",10.2,2025
"733","03/22/2025  ","0","0","NA","NA",0,"NA","NA",2025-03-22,"Wade","CoCoRaHS VT-FR-30",0,2025
"734","03/24/2025  ","0","0","NA","NA",0,"NA","NA",2025-03-24,"Wade","CoCoRaHS VT-FR-30",0,2025
"735","03/25/2025  ","1","1.3","1","12.5 : 1",1.3,"NA","NA",2025-03-25,"Wade","CoCoRaHS VT-FR-30",1.3,2025
"736","03/26/2025  ","0.8","1.8","0.8","23.3 : 1",3,"NA","NA",2025-03-26,"Wade","CoCoRaHS VT-FR-30",3,2025
"737","03/27/2025  ","4.1","3.3","4.1","8.1 : 1",7.6,"NA","NA",2025-03-27,"Wade","CoCoRaHS VT-FR-30",7.6,2025
"738","03/28/2025  ","0","0","0","NA",7.6,"NA","NA",2025-03-28,"Wade","CoCoRaHS VT-FR-30",7.6,2025
"739","03/29/2025  ","7.1","7.6","7.1","10.7 : 1",12.7,"NA","NA",2025-03-29,"Wade","CoCoRaHS VT-FR-30",12.7,2025
"740","03/30/2025  ","4.8","0","NA","NA",7.6,"NA","NA",2025-03-30,"Wade","CoCoRaHS VT-FR-30",7.6,2025
"741","03/31/2025  ","12.4","NA","NA","NA",5.1,"NA","NA",2025-03-31,"Wade","CoCoRaHS VT-FR-30",5.1,2025
"742","04/01/2025  ","2","NA","NA","NA",0,"NA","NA",2025-04-01,"Wade","CoCoRaHS VT-FR-30",0,2025
"743","04/02/2025  ","0","0","NA","NA",0,"NA","NA",2025-04-02,"Wade","CoCoRaHS VT-FR-30",0,2025
"744","04/03/2025  ","9.1","T","T","NA",0,"NA","NA",2025-04-03,"Wade","CoCoRaHS VT-FR-30",0,2025
"745","04/04/2025  ","11.7","0","0","NA",0,"NA","NA",2025-04-04,"Wade","CoCoRaHS VT-FR-30",0,2025
"746","04/05/2025  ","0","0","NA","NA",0,"NA","NA",2025-04-05,"Wade","CoCoRaHS VT-FR-30",0,2025
"747","04/06/2025  ","8.6","NA","NA","NA",0,"NA","NA",2025-04-06,"Wade","CoCoRaHS VT-FR-30",0,2025
"748","04/07/2025  ","0.5","NA","NA","NA",0,"NA","NA",2025-04-07,"Wade","CoCoRaHS VT-FR-30",0,2025
"749","04/08/2025  ","T","NA","NA","NA",0,"NA","NA",2025-04-08,"Wade","CoCoRaHS VT-FR-30",0,2025
"750","04/09/2025  ","7.9","18.5","7.9","23.5 : 1",18.5,"NA","NA",2025-04-09,"Wade","CoCoRaHS VT-FR-30",18.5,2025
"751","04/10/2025  ","0","0","NA","NA",5.1,"NA","NA",2025-04-10,"Wade","CoCoRaHS VT-FR-30",5.1,2025
"752","04/11/2025  ","2","NA","NA","NA",0,"NA","NA",2025-04-11,"Wade","CoCoRaHS VT-FR-30",0,2025
"753","04/12/2025  ","0","0","NA","NA",0,"NA","NA",2025-04-12,"Wade","CoCoRaHS VT-FR-30",0,2025
"754","04/13/2025  ","3.3","NA","NA","NA",0,"NA","NA",2025-04-13,"Wade","CoCoRaHS VT-FR-30",0,2025
"755","04/14/2025  ","0","0","NA","NA",0,"NA","NA",2025-04-14,"Wade","CoCoRaHS VT-FR-30",0,2025
